lang,w_type,query_prefix
zh,WHO,新手宝妈在家做副业 谁会买
zh,WHO,下班后做AI工具 谁最需要
zh,WHO,会做Excel模板 谁愿意付费
zh,WHEN,上班族副业内容 什么时候发
zh,WHEN,AI小工具上线 什么时候最合适
zh,WHEN,零粉账号带货 什么时候容易起量
zh,WHERE,AI模板做好了 去哪里卖
zh,WHERE,个人做副业 去哪里找第一批客户
zh,WHERE,不会投流 去哪里拿自然流量
zh,WHAT,一个人业余时间 做什么AI副业
zh,WHAT,会写提示词 可以做什么产品
zh,WHAT,做职场内容 能卖什么工具
zh,WHY,有咨询没下单 为什么
zh,WHY,模板有人看没人买 为什么
zh,WHY,副业做一阵就停了 为什么
zh,HOW,完全不会代码 怎么做可收费工具
zh,HOW,每天1小时 怎么做稳定副业收入
zh,HOW,先卖模板再做工具 怎么安排
zh,HOW,做中英文双语内容 怎么提高转化
zh,HOW,从0到首单 怎么走最短路径
en,WHO,who buys ai templates from solo creators
en,WHO,who pays for productivity ai micro tools
en,WHEN,when is best time to launch a side hustle tool
en,WHEN,when to post for first paying clients
en,WHERE,where to sell prompt packs online
en,WHERE,where to find first freelance clients fast
en,WHAT,what ai tool can one person build in a week
en,WHY,why content gets traffic but no sales
en,HOW,how to build a no code ai side hustle
en,HOW,how to get first paying user with zero budget
