lang,w_type,query_prefix,theme
zh,HOW,不会编程怎么做AI副业,how_to
zh,HOW,一个人怎么做低成本副业,how_to
zh,HOW,县城宝妈怎么开始副业,how_to
zh,HOW,门店老板怎么做同城获客,how_to
zh,HOW,短视频有播放怎么做成交,how_to
zh,WHAT,AI副业是什么,what_is
zh,WHAT,私域成交漏斗是什么,what_is
zh,WHAT,同城流量玩法是什么,what_is
zh,WHAT,模板产品化是什么,what_is
zh,WHY,有流量没成交为什么,why
zh,WHY,发内容没人咨询为什么,why
zh,WHY,报价后客户不回复为什么,why
zh,WHY,副业坚持不下去为什么,why
zh,BEST,副业工具推荐 哪个好,best
zh,BEST,同城获客平台 哪个好,best
zh,BEST,AI文案工具 哪个好,best
zh,WHERE,附近哪里可以学副业,near_me
zh,WHERE,同城哪里能找到第一批客户,near_me
zh,WHERE,乡镇哪里可以做线上接单,near_me
zh,WHERE,本地哪里发布模板更容易成交,near_me
zh,WHAT,副业定价多少钱合适,price
zh,WHAT,模板包卖多少钱合适,price
zh,WHAT,接单报价多少钱不容易被拒,price
zh,WHAT,AI工具月费多少钱有人买,price
zh,WHAT,小红书和视频号做副业哪个好,vs
zh,WHAT,卖模板和做服务哪个更赚钱,vs
zh,WHAT,抖音和快手同城获客哪个更稳,vs
zh,WHEN,副业内容什么时候发更容易咨询,when
zh,WHEN,同城短视频什么时候发更容易成交,when
zh,WHEN,新账号什么时候开始卖产品,when
zh,HOW,我能不能靠AI副业月入3000,can_i
zh,HOW,乡镇用户能不能做线上变现,can_i
zh,HOW,每天1小时能不能跑出首单,can_i
zh,WHAT,副业平台排名 前十有哪些,top_list
zh,WHAT,适合宝妈副业排名,top_list
en,HOW,how to start an ai side hustle with no coding,how_to
en,HOW,how to get first paying client in small towns,how_to
en,WHAT,what is a profitable ai micro product,what_is
en,WHY,why content gets views but no sales,why
en,BEST,best platforms for local side hustle leads,best
en,WHERE,where to find clients near me for freelance work,near_me
en,WHAT,how much should i charge for templates,price
en,WHAT,notion templates vs ai tools which sells better,vs
en,WHEN,when to launch a new side hustle offer,when
en,HOW,can i build an ai side hustle with one hour a day,can_i
