seed_id,lang,w_type,seed_query,engine,signal_type,rank,text
ZH01,zh,WHO,宝妈在家带娃 谁,baidu,autocomplete,1,宝妈在家带娃 谁给钱
ZH01,zh,WHO,宝妈在家带娃 谁,baidu,autocomplete,2,宝妈在家带孩子
ZH01,zh,WHO,宝妈在家带娃 谁,baidu,autocomplete,3,宝妈自己在家带娃的心酸
ZH01,zh,WHO,宝妈在家带娃 谁,baidu,autocomplete,4,宝妈在家带娃适合做什么
ZH01,zh,WHO,宝妈在家带娃 谁,baidu,autocomplete,5,宝妈在家带娃做什么赚钱
ZH01,zh,WHO,宝妈在家带娃 谁,baidu,autocomplete,6,宝妈在家带孩子的心情说说
ZH01,zh,WHO,宝妈在家带娃 谁,baidu,autocomplete,7,宝妈在家带孩子还是出去工作
ZH01,zh,WHO,宝妈在家带娃 谁,baidu,autocomplete,8,宝妈在家带孩子的感言
ZH01,zh,WHO,宝妈在家带娃 谁,baidu,autocomplete,9,宝妈在家带娃适合什么工作
ZH01,zh,WHO,宝妈在家带娃 谁,baidu,autocomplete,10,宝妈在家带娃怎么挣钱
ZH01,zh,WHO,宝妈在家带娃 谁,google,autocomplete,1,爸爸带娃
ZH01,zh,WHO,宝妈在家带娃 谁,google,autocomplete,2,宝妈 汪建民
ZH01,zh,WHO,宝妈在家带娃 谁,google,autocomplete,3,宝妈赚钱
ZH01,zh,WHO,宝妈在家带娃 谁,google,autocomplete,4,宝妈 康熙来了
ZH01,zh,WHO,宝妈在家带娃 谁,google,related_search,1,宝妈在家带娃 谁让他玩游戏王的
ZH01,zh,WHO,宝妈在家带娃 谁,baidu,related_search,1,宝妈在家带娃 谁给钱好
ZH01,zh,WHO,宝妈在家带娃 谁,baidu,related_search,2,宝妈在家带娃 谁给钱合适
ZH01,zh,WHO,宝妈在家带娃 谁,baidu,related_search,3,宝妈在家带孩子怎么赚钱吗
ZH01,zh,WHO,宝妈在家带娃 谁,baidu,related_search,4,宝妈在家带孩子
ZH01,zh,WHO,宝妈在家带娃 谁,baidu,related_search,5,宝妈在家带孩子如何赚钱工资一天150_200
ZH01,zh,WHO,宝妈在家带娃 谁,baidu,related_search,1,宝妈在家带孩子有什么挣钱的办法
ZH01,zh,WHO,宝妈在家带娃 谁,baidu,related_search,2,宝妈在家带孩子怎样挣钱
ZH01,zh,WHO,宝妈在家带娃 谁,baidu,related_search,3,宝妈在家带孩子如何用手机赚钱
ZH01,zh,WHO,宝妈在家带娃 谁,baidu,related_search,4,宝妈在家带孩子的文案
ZH01,zh,WHO,宝妈在家带娃 谁,baidu,related_search,5,宝妈在家带孩子必备工具
ZH01,zh,WHO,宝妈在家带娃 谁,baidu,related_search,1,宝妈自己在家带娃的心酸说说
ZH01,zh,WHO,宝妈在家带娃 谁,baidu,related_search,2,宝妈自己在家带娃的心酸句子
ZH01,zh,WHO,宝妈在家带娃 谁,baidu,related_search,3,宝妈自己在家带娃的心酸文案
ZH01,zh,WHO,宝妈在家带娃 谁,baidu,related_search,4,宝妈在家带孩子的心酸
ZH01,zh,WHO,宝妈在家带娃 谁,baidu,related_search,5,宝妈在家带孩子的心情说说
ZH01,zh,WHO,宝妈在家带娃 谁,google,related_search,1,爸爸带娃游戏
ZH01,zh,WHO,宝妈在家带娃 谁,google,related_search,2,爸爸带娃 活着就好
ZH01,zh,WHO,宝妈在家带娃 谁,google,related_search,3,爸爸带娃前28岁 带娃后60岁
ZH01,zh,WHO,宝妈在家带娃 谁,google,related_search,4,爸爸带娃搞笑
ZH01,zh,WHO,宝妈在家带娃 谁,google,related_search,5,爸爸带小孩
ZH01,zh,WHO,宝妈在家带娃 谁,google,related_search,1,宝妈汪建民结婚
ZH01,zh,WHO,宝妈在家带娃 谁,google,related_search,2,宝妈汪建民
ZH01,zh,WHO,宝妈在家带娃 谁,google,related_search,3,宝妈汪建民ptt
ZH01,zh,WHO,宝妈在家带娃 谁,google,related_search,4,宝妈 汪建民 分手
ZH01,zh,WHO,宝妈在家带娃 谁,google,related_search,5,宝妈 汪建民 交往
ZH01,zh,WHO,宝妈在家带娃 谁,baidu,people_also_ask,1,宝妈在家带娃 谁给钱
ZH01,zh,WHO,宝妈在家带娃 谁,baidu,people_also_ask,2,宝妈在家带娃怎么挣钱
ZH01,zh,WHO,宝妈在家带娃 谁,baidu,people_also_ask,3,宝妈在家带娃 谁给钱好
ZH01,zh,WHO,宝妈在家带娃 谁,baidu,people_also_ask,4,宝妈在家带娃 谁给钱合适
ZH01,zh,WHO,宝妈在家带娃 谁,baidu,people_also_ask,5,宝妈在家带孩子怎么赚钱吗
ZH01,zh,WHO,宝妈在家带娃 谁,baidu,people_also_ask,6,宝妈在家带孩子如何赚钱工资一天150_200
ZH01,zh,WHO,宝妈在家带娃 谁,baidu,people_also_ask,7,宝妈在家带孩子如何用手机赚钱
ZH01,zh,WHO,宝妈在家带娃 谁,google,people_also_ask,1,宝妈在家带娃 谁让他玩游戏王的
ZH02,zh,WHO,打工人下班后 谁,baidu,autocomplete,1,打工人下班后 谁出钱
ZH02,zh,WHO,打工人下班后 谁,baidu,autocomplete,2,打工人下班后 谁负责
ZH02,zh,WHO,打工人下班后 谁,baidu,autocomplete,3,打工人下班了
ZH02,zh,WHO,打工人下班后 谁,baidu,autocomplete,4,下班打工人是什么意思
ZH02,zh,WHO,打工人下班后 谁,baidu,autocomplete,5,打工人下班时间
ZH02,zh,WHO,打工人下班后 谁,baidu,autocomplete,6,打工人下班了表情包
ZH02,zh,WHO,打工人下班后 谁,baidu,autocomplete,7,打工人下班回家
ZH02,zh,WHO,打工人下班后 谁,baidu,autocomplete,8,打工族下班后怎么赚钱
ZH02,zh,WHO,打工人下班后 谁,baidu,autocomplete,9,打工人下班了的说说
ZH02,zh,WHO,打工人下班后 谁,baidu,autocomplete,10,打工人下班发朋友圈的句子
ZH02,zh,WHO,打工人下班后 谁,google,autocomplete,1,打工 人 下班
ZH02,zh,WHO,打工人下班后 谁,google,autocomplete,2,打工人现状
ZH02,zh,WHO,打工人下班后 谁,google,autocomplete,3,打工人逆袭
ZH02,zh,WHO,打工人下班后 谁,google,autocomplete,4,打工 人 知 乎
ZH02,zh,WHO,打工人下班后 谁,google,related_search,1,打工 人 下班
ZH02,zh,WHO,打工人下班后 谁,google,related_search,2,打工人现状
ZH02,zh,WHO,打工人下班后 谁,google,related_search,3,打工人逆袭
ZH02,zh,WHO,打工人下班后 谁,google,related_search,4,打工 人 知 乎
ZH02,zh,WHO,打工人下班后 谁,baidu,related_search,1,打工人下班后 谁出钱呢
ZH02,zh,WHO,打工人下班后 谁,baidu,related_search,2,打工人下班后 谁出钱买房
ZH02,zh,WHO,打工人下班后 谁,baidu,related_search,3,打工人下班了
ZH02,zh,WHO,打工人下班后 谁,baidu,related_search,4,下班打工人是什么意思
ZH02,zh,WHO,打工人下班后 谁,baidu,related_search,5,打工人下班时间
ZH02,zh,WHO,打工人下班后 谁,baidu,related_search,1,打工人下班后 谁负责上班
ZH02,zh,WHO,打工人下班后 谁,baidu,related_search,2,打工人下班了
ZH02,zh,WHO,打工人下班后 谁,baidu,related_search,3,下班打工人是什么意思
ZH02,zh,WHO,打工人下班后 谁,baidu,related_search,4,打工人下班时间
ZH02,zh,WHO,打工人下班后 谁,baidu,related_search,5,打工人下班了表情包
ZH02,zh,WHO,打工人下班后 谁,baidu,related_search,1,打工人下班了图片
ZH02,zh,WHO,打工人下班后 谁,baidu,related_search,2,打工人下班了的说说
ZH02,zh,WHO,打工人下班后 谁,baidu,related_search,3,打工人下班了怎么夸
ZH02,zh,WHO,打工人下班后 谁,baidu,related_search,4,打工人下班了表情包
ZH02,zh,WHO,打工人下班后 谁,baidu,related_search,5,打工人下班了发朋友圈句子
ZH02,zh,WHO,打工人下班后 谁,google,related_search,1,打工 人 下班 快速 吃 上 饭
ZH02,zh,WHO,打工人下班后 谁,google,related_search,2,打工 人 下班 快速 吃 上 飯
ZH02,zh,WHO,打工人下班后 谁,google,related_search,3,打工人现状
ZH02,zh,WHO,打工人下班后 谁,google,related_search,4,打工 人 小 张
ZH02,zh,WHO,打工人下班后 谁,google,related_search,5,打工人的
ZH02,zh,WHO,打工人下班后 谁,google,related_search,1,打工现状
ZH02,zh,WHO,打工人下班后 谁,google,related_search,2,打工 人 下班
ZH02,zh,WHO,打工人下班后 谁,google,related_search,3,打工 人 知 乎
ZH02,zh,WHO,打工人下班后 谁,google,related_search,1,打工人逆袭江飞
ZH02,zh,WHO,打工人下班后 谁,google,related_search,2,打工仔逆袭路
ZH02,zh,WHO,打工人下班后 谁,google,related_search,3,打工人下班
ZH02,zh,WHO,打工人下班后 谁,baidu,people_also_ask,1,打工人下班后 谁出钱
ZH02,zh,WHO,打工人下班后 谁,baidu,people_also_ask,2,打工人下班后 谁负责
ZH02,zh,WHO,打工人下班后 谁,baidu,people_also_ask,3,打工族下班后怎么赚钱
ZH02,zh,WHO,打工人下班后 谁,baidu,people_also_ask,4,打工人下班后 谁出钱呢
ZH02,zh,WHO,打工人下班后 谁,baidu,people_also_ask,5,打工人下班后 谁出钱买房
ZH02,zh,WHO,打工人下班后 谁,baidu,people_also_ask,6,打工人下班后 谁负责上班
ZH02,zh,WHO,打工人下班后 谁,baidu,people_also_ask,7,打工人下班了怎么夸
ZH03,zh,WHO,自媒体新手没粉丝 谁,baidu,autocomplete,1,自媒体没有新手期
ZH03,zh,WHO,自媒体新手没粉丝 谁,baidu,autocomplete,2,做自媒体刚开始没人看
ZH03,zh,WHO,自媒体新手没粉丝 谁,baidu,autocomplete,3,自媒体平台没有新手期的平台
ZH03,zh,WHO,自媒体新手没粉丝 谁,baidu,autocomplete,4,没有自媒体
ZH03,zh,WHO,自媒体新手没粉丝 谁,baidu,autocomplete,5,做自媒体没人看
ZH03,zh,WHO,自媒体新手没粉丝 谁,baidu,autocomplete,6,没有新手期自媒体平台
ZH03,zh,WHO,自媒体新手没粉丝 谁,baidu,autocomplete,7,没新手期的自媒体平台
ZH03,zh,WHO,自媒体新手没粉丝 谁,baidu,autocomplete,8,自媒体好难做感觉都没人看
ZH03,zh,WHO,自媒体新手没粉丝 谁,baidu,autocomplete,9,那些自媒体平台没有新手期
ZH03,zh,WHO,自媒体新手没粉丝 谁,baidu,autocomplete,10,自媒体没人看怎么办
ZH03,zh,WHO,自媒体新手没粉丝 谁,google,autocomplete,1,自媒体 收入
ZH03,zh,WHO,自媒体新手没粉丝 谁,google,autocomplete,2,自媒体设备
ZH03,zh,WHO,自媒体新手没粉丝 谁,google,autocomplete,3,自媒体还能做吗
ZH03,zh,WHO,自媒体新手没粉丝 谁,google,autocomplete,4,自 媒体 收入 来源
ZH03,zh,WHO,自媒体新手没粉丝 谁,google,related_search,1,自媒体新手没粉丝 谁发明的
ZH03,zh,WHO,自媒体新手没粉丝 谁,google,related_search,2,自媒体新手没粉丝 谁提出的
ZH03,zh,WHO,自媒体新手没粉丝 谁,google,related_search,3,自媒体新手没粉丝 谁提出来的
ZH03,zh,WHO,自媒体新手没粉丝 谁,google,related_search,4,自媒体新手没粉丝 谁发布的
ZH03,zh,WHO,自媒体新手没粉丝 谁,baidu,related_search,1,自媒体没有新手期的平台
ZH03,zh,WHO,自媒体新手没粉丝 谁,baidu,related_search,2,自媒体不需要新手期
ZH03,zh,WHO,自媒体新手没粉丝 谁,baidu,related_search,3,自媒体新手期有收益吗
ZH03,zh,WHO,自媒体新手没粉丝 谁,baidu,related_search,4,新手 自媒体
ZH03,zh,WHO,自媒体新手没粉丝 谁,baidu,related_search,5,自媒体新手期多少天
ZH03,zh,WHO,自媒体新手没粉丝 谁,baidu,related_search,1,做自媒体刚开始没人看怎么办
ZH03,zh,WHO,自媒体新手没粉丝 谁,baidu,related_search,2,自媒体刚开始都没人看
ZH03,zh,WHO,自媒体新手没粉丝 谁,baidu,related_search,3,自媒体没人看怎么办
ZH03,zh,WHO,自媒体新手没粉丝 谁,baidu,related_search,4,自媒体没有人看
ZH03,zh,WHO,自媒体新手没粉丝 谁,baidu,related_search,5,自媒体好难做感觉都没人看
ZH03,zh,WHO,自媒体新手没粉丝 谁,baidu,related_search,1,自媒体平台没有新手期的平台有哪些
ZH03,zh,WHO,自媒体新手没粉丝 谁,baidu,related_search,2,自媒体平台没有新手期的平台怎么办
ZH03,zh,WHO,自媒体新手没粉丝 谁,baidu,related_search,3,自媒体平台没有新手期的平台吗
ZH03,zh,WHO,自媒体新手没粉丝 谁,baidu,related_search,4,那些自媒体平台没有新手期
ZH03,zh,WHO,自媒体新手没粉丝 谁,baidu,related_search,5,无新手期自媒体
ZH03,zh,WHO,自媒体新手没粉丝 谁,google,related_search,1,自媒体收入
ZH03,zh,WHO,自媒体新手没粉丝 谁,google,related_search,2,自媒体收入dcard
ZH03,zh,WHO,自媒体新手没粉丝 谁,google,related_search,3,自媒体收入来源
ZH03,zh,WHO,自媒体新手没粉丝 谁,google,related_search,4,自媒体收入ptt
ZH03,zh,WHO,自媒体新手没粉丝 谁,google,related_search,5,自媒体收入排行榜
ZH03,zh,WHO,自媒体新手没粉丝 谁,google,related_search,1,自媒体怎么做
ZH03,zh,WHO,自媒体新手没粉丝 谁,google,related_search,2,自媒体变现
ZH03,zh,WHO,自媒体新手没粉丝 谁,google,related_search,3,自媒体教程
ZH03,zh,WHO,自媒体新手没粉丝 谁,google,related_search,2,自媒体做什么内容
ZH03,zh,WHO,自媒体新手没粉丝 谁,google,related_search,3,自媒体怎么赚钱
ZH03,zh,WHO,自媒体新手没粉丝 谁,google,related_search,4,自 媒体 好 做 吗
ZH03,zh,WHO,自媒体新手没粉丝 谁,baidu,people_also_ask,1,自媒体没人看怎么办
ZH03,zh,WHO,自媒体新手没粉丝 谁,baidu,people_also_ask,2,自媒体新手期有收益吗
ZH03,zh,WHO,自媒体新手没粉丝 谁,baidu,people_also_ask,3,做自媒体刚开始没人看怎么办
ZH03,zh,WHO,自媒体新手没粉丝 谁,baidu,people_also_ask,4,自媒体平台没有新手期的平台怎么办
ZH03,zh,WHO,自媒体新手没粉丝 谁,baidu,people_also_ask,5,自媒体平台没有新手期的平台吗
ZH03,zh,WHO,自媒体新手没粉丝 谁,google,people_also_ask,1,自媒体还能做吗
ZH03,zh,WHO,自媒体新手没粉丝 谁,google,people_also_ask,2,自媒体新手没粉丝 谁发明的
ZH03,zh,WHO,自媒体新手没粉丝 谁,google,people_also_ask,3,自媒体新手没粉丝 谁提出的
ZH03,zh,WHO,自媒体新手没粉丝 谁,google,people_also_ask,4,自媒体新手没粉丝 谁提出来的
ZH03,zh,WHO,自媒体新手没粉丝 谁,google,people_also_ask,5,自媒体新手没粉丝 谁发布的
ZH03,zh,WHO,自媒体新手没粉丝 谁,google,people_also_ask,6,自媒体怎么做
ZH03,zh,WHO,自媒体新手没粉丝 谁,google,people_also_ask,7,自媒体怎么赚钱
ZH03,zh,WHO,自媒体新手没粉丝 谁,google,people_also_ask,8,自 媒体 好 做 吗
ZH04,zh,WHEN,大学生课多又忙 什么时候,baidu,autocomplete,1,大学生课多吗
ZH04,zh,WHEN,大学生课多又忙 什么时候,baidu,autocomplete,2,大学生课很少吗
ZH04,zh,WHEN,大学生课多又忙 什么时候,baidu,autocomplete,3,大学生上课时间
ZH04,zh,WHEN,大学生课多又忙 什么时候,baidu,autocomplete,4,大学上课时间多吗?
ZH04,zh,WHEN,大学生课多又忙 什么时候,baidu,autocomplete,5,大学啥时候课最多
ZH04,zh,WHEN,大学生课多又忙 什么时候,baidu,autocomplete,6,大学课多是好事吗
ZH04,zh,WHEN,大学生课多又忙 什么时候,baidu,autocomplete,7,大学课多嘛
ZH04,zh,WHEN,大学生课多又忙 什么时候,baidu,autocomplete,8,大学课上多久
ZH04,zh,WHEN,大学生课多又忙 什么时候,baidu,autocomplete,9,大学生课多不多
ZH04,zh,WHEN,大学生课多又忙 什么时候,baidu,autocomplete,10,大学生课多怎么办
ZH04,zh,WHEN,大学生课多又忙 什么时候,google,autocomplete,1,大学生了没2023
ZH04,zh,WHEN,大学生课多又忙 什么时候,google,autocomplete,2,大学生了没2013
ZH04,zh,WHEN,大学生课多又忙 什么时候,google,autocomplete,3,大学生了没
ZH04,zh,WHEN,大学生课多又忙 什么时候,google,autocomplete,4,大学生了没2014
ZH04,zh,WHEN,大学生课多又忙 什么时候,google,related_search,1,大学生课多又忙 什么时候开始
ZH04,zh,WHEN,大学生课多又忙 什么时候,google,related_search,2,大学生课多又忙 什么时候开始的
ZH04,zh,WHEN,大学生课多又忙 什么时候,baidu,related_search,1,大学生课多吗每天
ZH04,zh,WHEN,大学生课多又忙 什么时候,baidu,related_search,2,大学生课多不多
ZH04,zh,WHEN,大学生课多又忙 什么时候,baidu,related_search,3,大学生课很少吗
ZH04,zh,WHEN,大学生课多又忙 什么时候,baidu,related_search,4,大学课多吗?
ZH04,zh,WHEN,大学生课多又忙 什么时候,baidu,related_search,5,大学课多是好事吗
ZH04,zh,WHEN,大学生课多又忙 什么时候,baidu,related_search,1,大学生课多吗
ZH04,zh,WHEN,大学生课多又忙 什么时候,baidu,related_search,2,大学课是不是很少
ZH04,zh,WHEN,大学生课多又忙 什么时候,baidu,related_search,3,大学课少是正常的吗
ZH04,zh,WHEN,大学生课多又忙 什么时候,baidu,related_search,4,大学课太少怎么办
ZH04,zh,WHEN,大学生课多又忙 什么时候,baidu,related_search,5,大学课太少应该干嘛
ZH04,zh,WHEN,大学生课多又忙 什么时候,baidu,related_search,1,大学生上课时间安排表
ZH04,zh,WHEN,大学生课多又忙 什么时候,baidu,related_search,2,大学生上课时间一般几点
ZH04,zh,WHEN,大学生课多又忙 什么时候,baidu,related_search,3,大学生上课时间固定吗
ZH04,zh,WHEN,大学生课多又忙 什么时候,baidu,related_search,4,大学生上课时间重合了怎么说
ZH04,zh,WHEN,大学生课多又忙 什么时候,baidu,related_search,5,大学生上课时间可以玩手机吗
ZH04,zh,WHEN,大学生课多又忙 什么时候,google,related_search,1,大学生了没2010
ZH04,zh,WHEN,大学生课多又忙 什么时候,google,related_search,2,大学生了没2015
ZH04,zh,WHEN,大学生课多又忙 什么时候,google,related_search,3,大学生了没2013
ZH04,zh,WHEN,大学生课多又忙 什么时候,google,related_search,4,大学生了没
ZH04,zh,WHEN,大学生课多又忙 什么时候,google,related_search,5,大学生了没 大陆
ZH04,zh,WHEN,大学生课多又忙 什么时候,google,related_search,1,大学生了没2015
ZH04,zh,WHEN,大学生课多又忙 什么时候,google,related_search,2,大学生了没2010
ZH04,zh,WHEN,大学生课多又忙 什么时候,google,related_search,3,大学生了没
ZH04,zh,WHEN,大学生课多又忙 什么时候,google,related_search,4,大学生了没 大陆
ZH04,zh,WHEN,大学生课多又忙 什么时候,google,related_search,1,大学生了没zoey分手
ZH04,zh,WHEN,大学生课多又忙 什么时候,google,related_search,2,大学生了没alice本名
ZH04,zh,WHEN,大学生课多又忙 什么时候,google,related_search,3,大学生了没班底
ZH04,zh,WHEN,大学生课多又忙 什么时候,google,related_search,4,大学生了没 爱丽丝
ZH04,zh,WHEN,大学生课多又忙 什么时候,google,related_search,5,大学生了没 峮峮
ZH04,zh,WHEN,大学生课多又忙 什么时候,baidu,people_also_ask,1,大学生课多吗
ZH04,zh,WHEN,大学生课多又忙 什么时候,baidu,people_also_ask,2,大学生课很少吗
ZH04,zh,WHEN,大学生课多又忙 什么时候,baidu,people_also_ask,3,大学上课时间多吗?
ZH04,zh,WHEN,大学生课多又忙 什么时候,baidu,people_also_ask,4,大学课多是好事吗
ZH04,zh,WHEN,大学生课多又忙 什么时候,baidu,people_also_ask,5,大学生课多怎么办
ZH04,zh,WHEN,大学生课多又忙 什么时候,baidu,people_also_ask,6,大学生课多吗每天
ZH04,zh,WHEN,大学生课多又忙 什么时候,baidu,people_also_ask,7,大学课多吗?
ZH04,zh,WHEN,大学生课多又忙 什么时候,baidu,people_also_ask,8,大学课少是正常的吗
ZH04,zh,WHEN,大学生课多又忙 什么时候,baidu,people_also_ask,9,大学课太少怎么办
ZH04,zh,WHEN,大学生课多又忙 什么时候,baidu,people_also_ask,10,大学生上课时间固定吗
ZH04,zh,WHEN,大学生课多又忙 什么时候,google,people_also_ask,1,大学生课多又忙 什么时候开始
ZH04,zh,WHEN,大学生课多又忙 什么时候,google,people_also_ask,2,大学生课多又忙 什么时候开始的
ZH05,zh,WHEN,上班族晚上做副业 几点,baidu,autocomplete,1,上班族晚上做副业 几点下班
ZH05,zh,WHEN,上班族晚上做副业 几点,baidu,autocomplete,2,晚上副业6点到12点
ZH05,zh,WHEN,上班族晚上做副业 几点,baidu,autocomplete,3,副业晚上做什么比较好
ZH05,zh,WHEN,上班族晚上做副业 几点,baidu,autocomplete,4,副业是晚上做吗
ZH05,zh,WHEN,上班族晚上做副业 几点,baidu,autocomplete,5,晚上副业收入6点到12点的
ZH05,zh,WHEN,上班族晚上做副业 几点,baidu,autocomplete,6,副业晚上干些什么
ZH05,zh,WHEN,上班族晚上做副业 几点,baidu,autocomplete,7,适合上班族晚上的副业
ZH05,zh,WHEN,上班族晚上做副业 几点,baidu,autocomplete,8,上班时间做副业
ZH05,zh,WHEN,上班族晚上做副业 几点,baidu,autocomplete,9,晚上下班副业
ZH05,zh,WHEN,上班族晚上做副业 几点,baidu,autocomplete,10,上班副业干点儿啥
ZH05,zh,WHEN,上班族晚上做副业 几点,google,autocomplete,1,上班族副业
ZH05,zh,WHEN,上班族晚上做副业 几点,google,autocomplete,2,上班族做饭
ZH05,zh,WHEN,上班族晚上做副业 几点,google,autocomplete,3,上班族
ZH05,zh,WHEN,上班族晚上做副业 几点,google,autocomplete,4,上班族趴
ZH05,zh,WHEN,上班族晚上做副业 几点,google,autocomplete,5,做副业
ZH05,zh,WHEN,上班族晚上做副业 几点,google,related_search,1,上班族晚上做副业 几点开始
ZH05,zh,WHEN,上班族晚上做副业 几点,google,related_search,2,上班族晚上做副业 几点上班
ZH05,zh,WHEN,上班族晚上做副业 几点,baidu,related_search,1,上班族晚上做副业 几点下班好
ZH05,zh,WHEN,上班族晚上做副业 几点,baidu,related_search,2,上班族晚上做副业 几点下班合适
ZH05,zh,WHEN,上班族晚上做副业 几点,baidu,related_search,3,晚上副业6点到12点
ZH05,zh,WHEN,上班族晚上做副业 几点,baidu,related_search,4,副业是晚上做吗
ZH05,zh,WHEN,上班族晚上做副业 几点,baidu,related_search,5,副业晚上做什么比较好
ZH05,zh,WHEN,上班族晚上做副业 几点,baidu,related_search,1,副业晚上6点到10点
ZH05,zh,WHEN,上班族晚上做副业 几点,baidu,related_search,2,晚上副业收入6点到12点的
ZH05,zh,WHEN,上班族晚上做副业 几点,baidu,related_search,3,晚上8-12点的副业
ZH05,zh,WHEN,上班族晚上做副业 几点,baidu,related_search,4,适合晚上六点过后的副业
ZH05,zh,WHEN,上班族晚上做副业 几点,baidu,related_search,5,晚上副业可以做点什么
ZH05,zh,WHEN,上班族晚上做副业 几点,baidu,related_search,1,副业晚上做什么比较好呢
ZH05,zh,WHEN,上班族晚上做副业 几点,baidu,related_search,2,副业晚上做什么比较好赚钱
ZH05,zh,WHEN,上班族晚上做副业 几点,baidu,related_search,3,副业晚上做什么比较好一点
ZH05,zh,WHEN,上班族晚上做副业 几点,baidu,related_search,4,副业晚上干些什么
ZH05,zh,WHEN,上班族晚上做副业 几点,baidu,related_search,5,晚上 副业
ZH05,zh,WHEN,上班族晚上做副业 几点,google,related_search,1,上班族副业ptt
ZH05,zh,WHEN,上班族晚上做副业 几点,google,related_search,2,上班族副业推荐
ZH05,zh,WHEN,上班族晚上做副业 几点,google,related_search,3,上班族副业 dcard
ZH05,zh,WHEN,上班族晚上做副业 几点,google,related_search,4,上班副业
ZH05,zh,WHEN,上班族晚上做副业 几点,google,related_search,5,上班 族 的 副业
ZH05,zh,WHEN,上班族晚上做副业 几点,google,related_search,1,上班 族 做 饭
ZH05,zh,WHEN,上班族晚上做副业 几点,google,related_search,2,上班 族 晚饭
ZH05,zh,WHEN,上班族晚上做副业 几点,google,related_search,3,上班 族 菜谱
ZH05,zh,WHEN,上班族晚上做副业 几点,google,related_search,4,上班 族 备 菜
ZH05,zh,WHEN,上班族晚上做副业 几点,google,related_search,1,上班族 英文
ZH05,zh,WHEN,上班族晚上做副业 几点,google,related_search,2,上班族转生异世界当上了四天王不是很正常吗
ZH05,zh,WHEN,上班族晚上做副业 几点,google,related_search,3,上班族金太郎
ZH05,zh,WHEN,上班族晚上做副业 几点,google,related_search,4,上班族穿搭
ZH05,zh,WHEN,上班族晚上做副业 几点,google,related_search,5,上班族快速早餐
ZH05,zh,WHEN,上班族晚上做副业 几点,baidu,people_also_ask,1,副业是晚上做吗
ZH05,zh,WHEN,上班族晚上做副业 几点,google,people_also_ask,1,上班族转生异世界当上了四天王不是很正常吗
ZH06,zh,WHEN,新号刚起步 前几天,baidu,autocomplete,1,新车刚开始跑多少合适
ZH06,zh,WHEN,新号刚起步 前几天,baidu,autocomplete,2,新车刚刚开始跑多少速度
ZH06,zh,WHEN,新号刚起步 前几天,baidu,autocomplete,3,新车刚开始开注意事项
ZH06,zh,WHEN,新号刚起步 前几天,google,autocomplete,1,秦刚記者會
ZH06,zh,WHEN,新号刚起步 前几天,google,autocomplete,2,秦刚后台
ZH06,zh,WHEN,新号刚起步 前几天,google,autocomplete,3,秦刚记者会全程
ZH06,zh,WHEN,新号刚起步 前几天,google,autocomplete,4,信号旗
ZH06,zh,WHEN,新号刚起步 前几天,google,autocomplete,5,信号枪
ZH06,zh,WHEN,新号刚起步 前几天,google,related_search,1,刚刚 起步
ZH06,zh,WHEN,新号刚起步 前几天,google,related_search,2,起床号 部队起床
ZH06,zh,WHEN,新号刚起步 前几天,google,related_search,3,起床 号 简谱
ZH06,zh,WHEN,新号刚起步 前几天,google,related_search,4,新手起号
ZH06,zh,WHEN,新号刚起步 前几天,google,related_search,5,刚 起床 心跳 快
ZH06,zh,WHEN,新号刚起步 前几天,baidu,related_search,1,自动挡新车磨合期大忌
ZH06,zh,WHEN,新号刚起步 前几天,baidu,related_search,2,新车刚刚开始跑多少速度
ZH06,zh,WHEN,新号刚起步 前几天,baidu,related_search,3,刚买来新车跑多少合适
ZH06,zh,WHEN,新号刚起步 前几天,baidu,related_search,4,刚买的新车一般开多少车速算最佳
ZH06,zh,WHEN,新号刚起步 前几天,baidu,related_search,5,刚提的新车跑多少码不伤车
ZH06,zh,WHEN,新号刚起步 前几天,baidu,related_search,1,新车刚刚开始跑多少速度正常
ZH06,zh,WHEN,新号刚起步 前几天,baidu,related_search,2,新车刚刚开始跑多少速度省油
ZH06,zh,WHEN,新号刚起步 前几天,baidu,related_search,3,新车刚开始开多少速度
ZH06,zh,WHEN,新号刚起步 前几天,baidu,related_search,5,新车跑多少时速合适
ZH06,zh,WHEN,新号刚起步 前几天,baidu,related_search,1,新车开始开要注意什么
ZH06,zh,WHEN,新号刚起步 前几天,baidu,related_search,2,新车刚开注意哪些事项
ZH06,zh,WHEN,新号刚起步 前几天,baidu,related_search,3,新车开车注意什么
ZH06,zh,WHEN,新号刚起步 前几天,baidu,related_search,4,新车开的时候注意事项
ZH06,zh,WHEN,新号刚起步 前几天,baidu,related_search,5,买的新车刚开始注意
ZH06,zh,WHEN,新号刚起步 前几天,google,related_search,1,秦刚 记者会 直播
ZH06,zh,WHEN,新号刚起步 前几天,google,related_search,1,秦刚 台湾
ZH06,zh,WHEN,新号刚起步 前几天,google,related_search,2,秦刚 演讲
ZH06,zh,WHEN,新号刚起步 前几天,google,related_search,1,秦刚 记者 招待 会
ZH06,zh,WHEN,新号刚起步 前几天,google,related_search,2,秦刚 纪委
ZH06,zh,WHEN,新号刚起步 前几天,google,related_search,3,秦刚怎么回事
ZH06,zh,WHEN,新号刚起步 前几天,google,people_also_ask,1,秦刚怎么回事
ZH07,zh,WHERE,县城做副业 去哪找客户,baidu,autocomplete,1,县城做副业 去哪找客户好
ZH07,zh,WHERE,县城做副业 去哪找客户,baidu,autocomplete,2,县城做副业 去哪找客户经理
ZH07,zh,WHERE,县城做副业 去哪找客户,baidu,autocomplete,3,县城做副业 去哪找客户合适
ZH07,zh,WHERE,县城做副业 去哪找客户,baidu,autocomplete,4,县城副业做什么好
ZH07,zh,WHERE,县城做副业 去哪找客户,baidu,autocomplete,5,县城搞副业
ZH07,zh,WHERE,县城做副业 去哪找客户,baidu,autocomplete,6,县城副业生意
ZH07,zh,WHERE,县城做副业 去哪找客户,baidu,autocomplete,7,县城兼职副业
ZH07,zh,WHERE,县城做副业 去哪找客户,baidu,autocomplete,8,小县城副业兼职做什么好呢
ZH07,zh,WHERE,县城做副业 去哪找客户,baidu,autocomplete,9,小县城适合做的副业
ZH07,zh,WHERE,县城做副业 去哪找客户,baidu,autocomplete,10,副业开什么店县城
ZH07,zh,WHERE,县城做副业 去哪找客户,google,autocomplete,1,县城创业
ZH07,zh,WHERE,县城做副业 去哪找客户,google,autocomplete,2,县城开店
ZH07,zh,WHERE,县城做副业 去哪找客户,google,autocomplete,3,县城生活
ZH07,zh,WHERE,县城做副业 去哪找客户,google,autocomplete,4,县城生意
ZH07,zh,WHERE,县城做副业 去哪找客户,google,autocomplete,5,小县城做什么生意好
ZH07,zh,WHERE,县城做副业 去哪找客户,google,related_search,1,县城 工作
ZH07,zh,WHERE,县城做副业 去哪找客户,google,related_search,2,县城创业
ZH07,zh,WHERE,县城做副业 去哪找客户,google,related_search,3,县城 风
ZH07,zh,WHERE,县城做副业 去哪找客户,google,related_search,4,县城 首富
ZH07,zh,WHERE,县城做副业 去哪找客户,google,related_search,5,县城 是 哪里
ZH07,zh,WHERE,县城做副业 去哪找客户,baidu,related_search,1,县城做副业 去哪找客户好呢
ZH07,zh,WHERE,县城做副业 去哪找客户,baidu,related_search,2,县城副业做什么好
ZH07,zh,WHERE,县城做副业 去哪找客户,baidu,related_search,3,在县城如何做副业
ZH07,zh,WHERE,县城做副业 去哪找客户,baidu,related_search,4,县城副业生意
ZH07,zh,WHERE,县城做副业 去哪找客户,baidu,related_search,5,小县城副业兼职做什么好呢
ZH07,zh,WHERE,县城做副业 去哪找客户,baidu,related_search,1,县城做副业 去哪找客户经理呢
ZH07,zh,WHERE,县城做副业 去哪找客户,baidu,related_search,2,县城业务员怎样做
ZH07,zh,WHERE,县城做副业 去哪找客户,baidu,related_search,3,县城副业做什么好
ZH07,zh,WHERE,县城做副业 去哪找客户,baidu,related_search,4,县城业务员怎么样
ZH07,zh,WHERE,县城做副业 去哪找客户,baidu,related_search,5,县城做副业 去哪找客户经理好
ZH07,zh,WHERE,县城做副业 去哪找客户,baidu,related_search,1,县城做副业 去哪找客户合适呢
ZH07,zh,WHERE,县城做副业 去哪找客户,baidu,related_search,4,小县城副业兼职做什么好呢
ZH07,zh,WHERE,县城做副业 去哪找客户,baidu,related_search,5,县城副业生意
ZH07,zh,WHERE,县城做副业 去哪找客户,google,related_search,1,小县城创业
ZH07,zh,WHERE,县城做副业 去哪找客户,google,related_search,2,县城生活
ZH07,zh,WHERE,县城做副业 去哪找客户,google,related_search,3,县城房产
ZH07,zh,WHERE,县城做副业 去哪找客户,google,related_search,4,县城 工作
ZH07,zh,WHERE,县城做副业 去哪找客户,google,related_search,1,县城生意
ZH07,zh,WHERE,县城做副业 去哪找客户,google,related_search,2,县城记
ZH07,zh,WHERE,县城做副业 去哪找客户,google,related_search,3,县城生活
ZH07,zh,WHERE,县城做副业 去哪找客户,google,related_search,4,县城买房
ZH07,zh,WHERE,县城做副业 去哪找客户,google,related_search,2,槟城生活
ZH07,zh,WHERE,县城做副业 去哪找客户,google,related_search,3,槟城生活成本
ZH07,zh,WHERE,县城做副业 去哪找客户,google,related_search,4,槟城生活费
ZH07,zh,WHERE,县城做副业 去哪找客户,baidu,people_also_ask,1,在县城如何做副业
ZH07,zh,WHERE,县城做副业 去哪找客户,baidu,people_also_ask,2,县城业务员怎么样
ZH07,zh,WHERE,县城做副业 去哪找客户,google,people_also_ask,1,县城 是 哪里
ZH08,zh,WHERE,AI模板做好了 发到哪里,baidu,autocomplete,1,ai模板做好了 发到哪里去了
ZH08,zh,WHERE,AI模板做好了 发到哪里,baidu,autocomplete,2,ai模板在哪里
ZH08,zh,WHERE,AI模板做好了 发到哪里,baidu,autocomplete,3,ai怎么保存模板
ZH08,zh,WHERE,AI模板做好了 发到哪里,baidu,autocomplete,4,ai怎么在模板里添加照片
ZH08,zh,WHERE,AI模板做好了 发到哪里,baidu,autocomplete,5,ai模板是什么意思
ZH08,zh,WHERE,AI模板做好了 发到哪里,baidu,autocomplete,6,ai模板大小如何设置
ZH08,zh,WHERE,AI模板做好了 发到哪里,baidu,autocomplete,7,ai怎么在模板里新建
ZH08,zh,WHERE,AI模板做好了 发到哪里,baidu,autocomplete,8,ai模板快捷键
ZH08,zh,WHERE,AI模板做好了 发到哪里,baidu,autocomplete,9,ai文件怎么出完稿
ZH08,zh,WHERE,AI模板做好了 发到哪里,baidu,autocomplete,10,ai的模板怎么用
ZH08,zh,WHERE,AI模板做好了 发到哪里,google,autocomplete,1,ai 做 方案
ZH08,zh,WHERE,AI模板做好了 发到哪里,google,autocomplete,2,ai 做 海报 免费
ZH08,zh,WHERE,AI模板做好了 发到哪里,google,autocomplete,3,ai 做 作业
ZH08,zh,WHERE,AI模板做好了 发到哪里,google,autocomplete,4,ai 模仿 写作
ZH08,zh,WHERE,AI模板做好了 发到哪里,google,autocomplete,5,ai 做 banner
ZH08,zh,WHERE,AI模板做好了 发到哪里,google,related_search,1,ai模板做好了 发到哪里了
ZH08,zh,WHERE,AI模板做好了 发到哪里,google,related_search,2,ai模板做好了 发到哪里去了
ZH08,zh,WHERE,AI模板做好了 发到哪里,baidu,related_search,1,ai模板做好了 发到哪里去了呢
ZH08,zh,WHERE,AI模板做好了 发到哪里,baidu,related_search,2,ai模板在哪里
ZH08,zh,WHERE,AI模板做好了 发到哪里,baidu,related_search,3,ai怎么保存模板
ZH08,zh,WHERE,AI模板做好了 发到哪里,baidu,related_search,4,ai模板是什么意思
ZH08,zh,WHERE,AI模板做好了 发到哪里,baidu,related_search,5,ai怎么在模板里添加照片
ZH08,zh,WHERE,AI模板做好了 发到哪里,baidu,related_search,1,ai的模板怎么用
ZH08,zh,WHERE,AI模板做好了 发到哪里,baidu,related_search,2,ai模板是什么意思
ZH08,zh,WHERE,AI模板做好了 发到哪里,baidu,related_search,3,ai模板怎么调大小
ZH08,zh,WHERE,AI模板做好了 发到哪里,baidu,related_search,4,ai图形模板
ZH08,zh,WHERE,AI模板做好了 发到哪里,baidu,related_search,1,ai怎么保存模板到桌面
ZH08,zh,WHERE,AI模板做好了 发到哪里,baidu,related_search,2,ai怎么保存格式
ZH08,zh,WHERE,AI模板做好了 发到哪里,baidu,related_search,3,ai怎么保存原文件
ZH08,zh,WHERE,AI模板做好了 发到哪里,baidu,related_search,4,ai保存步骤
ZH08,zh,WHERE,AI模板做好了 发到哪里,baidu,related_search,5,ai软件中怎么保存为ai格式
ZH08,zh,WHERE,AI模板做好了 发到哪里,google,related_search,1,ai做产品设计
ZH08,zh,WHERE,AI模板做好了 发到哪里,google,related_search,2,ai做软件
ZH08,zh,WHERE,AI模板做好了 发到哪里,google,related_search,3,ai 做 室内 设计
ZH08,zh,WHERE,AI模板做好了 发到哪里,google,related_search,4,ai 做 app
ZH08,zh,WHERE,AI模板做好了 发到哪里,google,related_search,1,ai做海报 免费
ZH08,zh,WHERE,AI模板做好了 发到哪里,google,related_search,2,ai做海报
ZH08,zh,WHERE,AI模板做好了 发到哪里,google,related_search,3,ai海报制作
ZH08,zh,WHERE,AI模板做好了 发到哪里,google,related_search,4,ai制作海报
ZH08,zh,WHERE,AI模板做好了 发到哪里,google,related_search,5,ai 海报
ZH08,zh,WHERE,AI模板做好了 发到哪里,google,related_search,1,ai做作业
ZH08,zh,WHERE,AI模板做好了 发到哪里,google,related_search,2,ai做设计
ZH08,zh,WHERE,AI模板做好了 发到哪里,google,related_search,3,ai 做网站
ZH08,zh,WHERE,AI模板做好了 发到哪里,google,related_search,4,ai做网页
ZH08,zh,WHERE,AI模板做好了 发到哪里,google,related_search,5,ai作词
ZH08,zh,WHERE,AI模板做好了 发到哪里,baidu,people_also_ask,1,ai模板做好了 发到哪里去了
ZH08,zh,WHERE,AI模板做好了 发到哪里,baidu,people_also_ask,2,ai模板在哪里
ZH08,zh,WHERE,AI模板做好了 发到哪里,baidu,people_also_ask,3,ai怎么保存模板
ZH08,zh,WHERE,AI模板做好了 发到哪里,baidu,people_also_ask,4,ai怎么在模板里添加照片
ZH08,zh,WHERE,AI模板做好了 发到哪里,baidu,people_also_ask,5,ai模板大小如何设置
ZH08,zh,WHERE,AI模板做好了 发到哪里,baidu,people_also_ask,6,ai怎么在模板里新建
ZH08,zh,WHERE,AI模板做好了 发到哪里,baidu,people_also_ask,7,ai文件怎么出完稿
ZH08,zh,WHERE,AI模板做好了 发到哪里,baidu,people_also_ask,8,ai的模板怎么用
ZH08,zh,WHERE,AI模板做好了 发到哪里,baidu,people_also_ask,9,ai模板做好了 发到哪里去了呢
ZH08,zh,WHERE,AI模板做好了 发到哪里,baidu,people_also_ask,10,ai模板怎么调大小
ZH08,zh,WHERE,AI模板做好了 发到哪里,google,people_also_ask,1,ai模板做好了 发到哪里了
ZH08,zh,WHERE,AI模板做好了 发到哪里,google,people_also_ask,2,ai模板做好了 发到哪里去了
ZH09,zh,WHERE,做中英文市场 在哪个平台,baidu,autocomplete,1,中英文商城
ZH09,zh,WHERE,做中英文市场 在哪个平台,baidu,autocomplete,2,做中英文网站
ZH09,zh,WHERE,做中英文市场 在哪个平台,baidu,autocomplete,3,中英文在哪里
ZH09,zh,WHERE,做中英文市场 在哪个平台,baidu,autocomplete,4,做个中英文网站多少钱
ZH09,zh,WHERE,做中英文市场 在哪个平台,baidu,autocomplete,5,中英文网站有哪些
ZH09,zh,WHERE,做中英文市场 在哪个平台,baidu,autocomplete,6,中英文软件哪个好用
ZH09,zh,WHERE,做中英文市场 在哪个平台,baidu,autocomplete,7,中英文翻译用什么软件
ZH09,zh,WHERE,做中英文市场 在哪个平台,baidu,autocomplete,8,中英文方式
ZH09,zh,WHERE,做中英文市场 在哪个平台,baidu,autocomplete,9,中英文翻译用哪个软件比较好
ZH09,zh,WHERE,做中英文市场 在哪个平台,baidu,autocomplete,10,做一个中英文网站的价格
ZH09,zh,WHERE,做中英文市场 在哪个平台,google,autocomplete,1,在营业中
ZH09,zh,WHERE,做中英文市场 在哪个平台,google,autocomplete,2,中英文网站制作平台
ZH09,zh,WHERE,做中英文市场 在哪个平台,google,autocomplete,3,中英文视频
ZH09,zh,WHERE,做中英文市场 在哪个平台,google,autocomplete,4,英语场景
ZH09,zh,WHERE,做中英文市场 在哪个平台,google,autocomplete,5,英文直播平台
ZH09,zh,WHERE,做中英文市场 在哪个平台,google,related_search,1,做中英文市场 在哪个平台买
ZH09,zh,WHERE,做中英文市场 在哪个平台,google,related_search,2,做中英文市场 在哪个平台做
ZH09,zh,WHERE,做中英文市场 在哪个平台,google,related_search,3,做中英文市场 在哪个平台好
ZH09,zh,WHERE,做中英文市场 在哪个平台,baidu,related_search,1,中英文品牌
ZH09,zh,WHERE,做中英文市场 在哪个平台,baidu,related_search,2,中英购物广场是哪里的
ZH09,zh,WHERE,做中英文市场 在哪个平台,baidu,related_search,3,中英文网
ZH09,zh,WHERE,做中英文市场 在哪个平台,baidu,related_search,4,中英官网
ZH09,zh,WHERE,做中英文市场 在哪个平台,baidu,related_search,5,中英商贸有限公司
ZH09,zh,WHERE,做中英文市场 在哪个平台,baidu,related_search,1,做中英文网站的公司
ZH09,zh,WHERE,做中英文市场 在哪个平台,baidu,related_search,2,中英文网站制作
ZH09,zh,WHERE,做中英文市场 在哪个平台,baidu,related_search,3,中英文网站怎么做
ZH09,zh,WHERE,做中英文市场 在哪个平台,baidu,related_search,4,中英文网站有哪些
ZH09,zh,WHERE,做中英文市场 在哪个平台,baidu,related_search,5,做个中英文网站多少钱
ZH09,zh,WHERE,做中英文市场 在哪个平台,baidu,related_search,1,中英文在哪里设置切换
ZH09,zh,WHERE,做中英文市场 在哪个平台,baidu,related_search,2,中文里的英文
ZH09,zh,WHERE,做中英文市场 在哪个平台,baidu,related_search,3,中文在英文里面怎么写?
ZH09,zh,WHERE,做中英文市场 在哪个平台,baidu,related_search,4,中英文怎么样
ZH09,zh,WHERE,做中英文市场 在哪个平台,baidu,related_search,5,英文翻译中文在哪里找
ZH09,zh,WHERE,做中英文市场 在哪个平台,google,related_search,1,载 营 魄
ZH09,zh,WHERE,做中英文市场 在哪个平台,google,related_search,2,载 营 魄 抱 一
ZH09,zh,WHERE,做中英文市场 在哪个平台,google,related_search,3,营 業 中
ZH09,zh,WHERE,做中英文市场 在哪个平台,google,related_search,4,在英国
ZH09,zh,WHERE,做中英文市场 在哪个平台,google,related_search,5,在野英文
ZH09,zh,WHERE,做中英文市场 在哪个平台,google,related_search,1,中文视频转英文视频
ZH09,zh,WHERE,做中英文市场 在哪个平台,google,related_search,2,英文视频
ZH09,zh,WHERE,做中英文市场 在哪个平台,google,related_search,3,中 英文 实时 翻译
ZH09,zh,WHERE,做中英文市场 在哪个平台,baidu,people_also_ask,1,中英文在哪里
ZH09,zh,WHERE,做中英文市场 在哪个平台,baidu,people_also_ask,2,中英购物广场是哪里的
ZH09,zh,WHERE,做中英文市场 在哪个平台,baidu,people_also_ask,3,中英文网站怎么做
ZH09,zh,WHERE,做中英文市场 在哪个平台,baidu,people_also_ask,4,中英文在哪里设置切换
ZH09,zh,WHERE,做中英文市场 在哪个平台,baidu,people_also_ask,5,中文在英文里面怎么写?
ZH09,zh,WHERE,做中英文市场 在哪个平台,baidu,people_also_ask,6,中英文怎么样
ZH09,zh,WHERE,做中英文市场 在哪个平台,baidu,people_also_ask,7,英文翻译中文在哪里找
ZH09,zh,WHERE,做中英文市场 在哪个平台,google,people_also_ask,1,做中英文市场 在哪个平台买
ZH09,zh,WHERE,做中英文市场 在哪个平台,google,people_also_ask,2,做中英文市场 在哪个平台做
ZH09,zh,WHERE,做中英文市场 在哪个平台,google,people_also_ask,3,做中英文市场 在哪个平台好
ZH10,zh,WHAT,会剪视频 做什么副业,baidu,autocomplete,1,会剪视频 做什么副业赚钱
ZH10,zh,WHAT,会剪视频 做什么副业,baidu,autocomplete,2,会剪视频 做什么副业比较好
ZH10,zh,WHAT,会剪视频 做什么副业,baidu,autocomplete,3,会剪视频 做什么副业好呢
ZH10,zh,WHAT,会剪视频 做什么副业,baidu,autocomplete,4,会剪视频能找什么工作
ZH10,zh,WHAT,会剪视频 做什么副业,baidu,autocomplete,5,会视频剪辑可以做什么副业
ZH10,zh,WHAT,会剪视频 做什么副业,baidu,autocomplete,6,会剪视频可以兼职什么
ZH10,zh,WHAT,会剪视频 做什么副业,baidu,autocomplete,7,会视频剪辑能赚钱吗
ZH10,zh,WHAT,会剪视频 做什么副业,baidu,autocomplete,8,会视频剪辑可以找什么工作
ZH10,zh,WHAT,会剪视频 做什么副业,baidu,autocomplete,9,会做视频剪辑有用吗
ZH10,zh,WHAT,会剪视频 做什么副业,baidu,autocomplete,10,会剪辑可以做的副业
ZH10,zh,WHAT,会剪视频 做什么副业,google,autocomplete,1,怎样做视频剪辑
ZH10,zh,WHAT,会剪视频 做什么副业,google,autocomplete,2,视频剪辑 赚钱
ZH10,zh,WHAT,会剪视频 做什么副业,google,autocomplete,3,视频剪辑师
ZH10,zh,WHAT,会剪视频 做什么副业,google,autocomplete,4,怎么做视频剪辑
ZH10,zh,WHAT,会剪视频 做什么副业,google,autocomplete,5,专业视频剪辑软件
ZH10,zh,WHAT,会剪视频 做什么副业,google,related_search,1,会剪视频 做什么副业的
ZH10,zh,WHAT,会剪视频 做什么副业,google,related_search,2,会剪视频 做什么副业好
ZH10,zh,WHAT,会剪视频 做什么副业,baidu,related_search,1,会剪视频 做什么副业赚钱呢
ZH10,zh,WHAT,会剪视频 做什么副业,baidu,related_search,2,会剪视频能找什么工作
ZH10,zh,WHAT,会剪视频 做什么副业,baidu,related_search,3,会剪视频可以兼职什么
ZH10,zh,WHAT,会剪视频 做什么副业,baidu,related_search,4,会视频剪辑可以做什么副业
ZH10,zh,WHAT,会剪视频 做什么副业,baidu,related_search,5,会视频剪辑能赚钱吗
ZH10,zh,WHAT,会剪视频 做什么副业,baidu,related_search,1,会剪视频 做什么副业比较好赚钱
ZH10,zh,WHAT,会剪视频 做什么副业,baidu,related_search,3,会视频剪辑可以做什么副业
ZH10,zh,WHAT,会剪视频 做什么副业,baidu,related_search,4,会剪视频可以兼职什么
ZH10,zh,WHAT,会剪视频 做什么副业,baidu,related_search,1,会剪视频 做什么副业好呢女生
ZH10,zh,WHAT,会剪视频 做什么副业,baidu,related_search,2,会剪视频 做什么副业好呢知乎
ZH10,zh,WHAT,会剪视频 做什么副业,baidu,related_search,3,会剪视频 做什么副业好呢赚钱
ZH10,zh,WHAT,会剪视频 做什么副业,baidu,related_search,4,会剪视频能找什么工作
ZH10,zh,WHAT,会剪视频 做什么副业,baidu,related_search,5,会视频剪辑可以做什么副业
ZH10,zh,WHAT,会剪视频 做什么副业,google,related_search,1,怎样剪辑视频
ZH10,zh,WHAT,会剪视频 做什么副业,google,related_search,2,怎样剪视频
ZH10,zh,WHAT,会剪视频 做什么副业,google,related_search,3,怎么做视频剪辑
ZH10,zh,WHAT,会剪视频 做什么副业,google,related_search,4,怎么剪辑视频
ZH10,zh,WHAT,会剪视频 做什么副业,google,related_search,1,视频剪辑赚钱
ZH10,zh,WHAT,会剪视频 做什么副业,google,related_search,2,视频 赚钱 平台
ZH10,zh,WHAT,会剪视频 做什么副业,google,related_search,3,视频赚钱
ZH10,zh,WHAT,会剪视频 做什么副业,google,related_search,4,视频挣钱
ZH10,zh,WHAT,会剪视频 做什么副业,google,related_search,5,如何 剪辑 视频 赚钱
ZH10,zh,WHAT,会剪视频 做什么副业,google,related_search,1,视频剪辑技巧
ZH10,zh,WHAT,会剪视频 做什么副业,google,related_search,2,视频剪辑教程
ZH10,zh,WHAT,会剪视频 做什么副业,google,related_search,3,视频剪辑
ZH10,zh,WHAT,会剪视频 做什么副业,google,related_search,4,视频剪辑工具
ZH10,zh,WHAT,会剪视频 做什么副业,baidu,people_also_ask,1,会视频剪辑能赚钱吗
ZH10,zh,WHAT,会剪视频 做什么副业,baidu,people_also_ask,2,会做视频剪辑有用吗
ZH10,zh,WHAT,会剪视频 做什么副业,google,people_also_ask,1,怎么做视频剪辑
ZH10,zh,WHAT,会剪视频 做什么副业,google,people_also_ask,2,怎么剪辑视频
ZH10,zh,WHAT,会剪视频 做什么副业,google,people_also_ask,3,如何 剪辑 视频 赚钱
ZH11,zh,WHAT,会写文案 做什么副业,baidu,autocomplete,1,会写文案 做什么副业好
ZH11,zh,WHAT,会写文案 做什么副业,baidu,autocomplete,2,会写文案 做什么副业赚钱
ZH11,zh,WHAT,会写文案 做什么副业,baidu,autocomplete,3,会写文案可以做什么工作
ZH11,zh,WHAT,会写文案 做什么副业,baidu,autocomplete,4,会写文案怎么赚钱
ZH11,zh,WHAT,会写文案 做什么副业,baidu,autocomplete,5,会写文案的是什么专业
ZH11,zh,WHAT,会写文案 做什么副业,baidu,autocomplete,6,会写文案的人
ZH11,zh,WHAT,会写文案 做什么副业,baidu,autocomplete,7,会写文案的人的才华
ZH11,zh,WHAT,会写文案 做什么副业,baidu,autocomplete,8,会写文案的好处
ZH11,zh,WHAT,会写文案 做什么副业,baidu,autocomplete,9,有没有专门写文案的工作
ZH11,zh,WHAT,会写文案 做什么副业,baidu,autocomplete,10,有写文案的兼职吗
ZH11,zh,WHAT,会写文案 做什么副业,google,autocomplete,1,文案 写作 技巧
ZH11,zh,WHAT,会写文案 做什么副业,google,autocomplete,2,文案 总监
ZH11,zh,WHAT,会写文案 做什么副业,google,autocomplete,3,写文案赚钱
ZH11,zh,WHAT,会写文案 做什么副业,google,autocomplete,4,如何写好文案
ZH11,zh,WHAT,会写文案 做什么副业,google,autocomplete,5,如何写文案
ZH11,zh,WHAT,会写文案 做什么副业,google,related_search,1,会写文案 做什么副业的
ZH11,zh,WHAT,会写文案 做什么副业,google,related_search,2,会写文案 做什么副业赚钱
ZH11,zh,WHAT,会写文案 做什么副业,baidu,related_search,1,会写文案 做什么副业好呢
ZH11,zh,WHAT,会写文案 做什么副业,baidu,related_search,2,会写文案 做什么副业好赚钱
ZH11,zh,WHAT,会写文案 做什么副业,baidu,related_search,3,会写文案 做什么副业好一点
ZH11,zh,WHAT,会写文案 做什么副业,baidu,related_search,4,会写文案可以做什么工作
ZH11,zh,WHAT,会写文案 做什么副业,baidu,related_search,5,会写文案的是什么专业
ZH11,zh,WHAT,会写文案 做什么副业,baidu,related_search,1,会写文案 做什么副业赚钱呢
ZH11,zh,WHAT,会写文案 做什么副业,baidu,related_search,2,会写文案可以做什么工作
ZH11,zh,WHAT,会写文案 做什么副业,baidu,related_search,3,会写文案怎么赚钱
ZH11,zh,WHAT,会写文案 做什么副业,baidu,related_search,4,会写文案的是什么专业
ZH11,zh,WHAT,会写文案 做什么副业,baidu,related_search,5,会写文案的人的才华
ZH11,zh,WHAT,会写文案 做什么副业,baidu,related_search,1,会写文案可以做什么工作呢
ZH11,zh,WHAT,会写文案 做什么副业,baidu,related_search,2,会写文案可以做什么工作赚钱
ZH11,zh,WHAT,会写文案 做什么副业,baidu,related_search,3,会写文案的人叫什么
ZH11,zh,WHAT,会写文案 做什么副业,baidu,related_search,4,会写文案吗
ZH11,zh,WHAT,会写文案 做什么副业,google,related_search,1,文案 仿 写
ZH11,zh,WHAT,会写文案 做什么副业,google,related_search,2,文案技巧
ZH11,zh,WHAT,会写文案 做什么副业,google,related_search,3,文案 写作 课程
ZH11,zh,WHAT,会写文案 做什么副业,google,related_search,4,文案写作
ZH11,zh,WHAT,会写文案 做什么副业,google,related_search,1,文案 简化
ZH11,zh,WHAT,会写文案 做什么副业,google,related_search,3,文案 解说
ZH11,zh,WHAT,会写文案 做什么副业,google,related_search,4,总监 总裁
ZH11,zh,WHAT,会写文案 做什么副业,google,related_search,1,写文章赚钱
ZH11,zh,WHAT,会写文案 做什么副业,google,related_search,2,写文案
ZH11,zh,WHAT,会写文案 做什么副业,google,related_search,3,文案赚钱
ZH11,zh,WHAT,会写文案 做什么副业,google,related_search,4,文案撰写
ZH11,zh,WHAT,会写文案 做什么副业,baidu,people_also_ask,1,会写文案怎么赚钱
ZH11,zh,WHAT,会写文案 做什么副业,baidu,people_also_ask,2,有写文案的兼职吗
ZH11,zh,WHAT,会写文案 做什么副业,baidu,people_also_ask,3,会写文案吗
ZH11,zh,WHAT,会写文案 做什么副业,google,people_also_ask,1,如何写好文案
ZH11,zh,WHAT,会写文案 做什么副业,google,people_also_ask,2,如何写文案
ZH12,zh,WHAT,Excel不错 能做什么,baidu,autocomplete,1,excel能做些什么
ZH12,zh,WHAT,Excel不错 能做什么,baidu,autocomplete,2,excel做的好可以做什么工作
ZH12,zh,WHAT,Excel不错 能做什么,baidu,autocomplete,3,excel适合做什么
ZH12,zh,WHAT,Excel不错 能做什么,baidu,autocomplete,4,excel能干啥
ZH12,zh,WHAT,Excel不错 能做什么,baidu,autocomplete,5,excel可以干啥
ZH12,zh,WHAT,Excel不错 能做什么,baidu,autocomplete,6,excel可以做哪些工作
ZH12,zh,WHAT,Excel不错 能做什么,baidu,autocomplete,7,excel好做吗
ZH12,zh,WHAT,Excel不错 能做什么,baidu,autocomplete,8,excel很厉害可以做什么
ZH12,zh,WHAT,Excel不错 能做什么,baidu,autocomplete,9,"excel用的好,可从事什么工作"
ZH12,zh,WHAT,Excel不错 能做什么,baidu,autocomplete,10,excel表格能做什么
ZH12,zh,WHAT,Excel不错 能做什么,google,autocomplete,1,excel 不能 用 方向 键
ZH12,zh,WHAT,Excel不错 能做什么,google,autocomplete,2,excel打不了0
ZH12,zh,WHAT,Excel不错 能做什么,google,autocomplete,3,excel 不 保存
ZH12,zh,WHAT,Excel不错 能做什么,google,autocomplete,4,excel 不能 merge
ZH12,zh,WHAT,Excel不错 能做什么,google,related_search,1,excel不错 能做什么的
ZH12,zh,WHAT,Excel不错 能做什么,google,related_search,2,excel不错 能做什么工具
ZH12,zh,WHAT,Excel不错 能做什么,baidu,related_search,1,excel可以做些什么
ZH12,zh,WHAT,Excel不错 能做什么,baidu,related_search,2,excel可以用来做什么
ZH12,zh,WHAT,Excel不错 能做什么,baidu,related_search,3,excel能干啥
ZH12,zh,WHAT,Excel不错 能做什么,baidu,related_search,4,excel能做哪些表格
ZH12,zh,WHAT,Excel不错 能做什么,baidu,related_search,5,excel可以用来做什么有趣的
ZH12,zh,WHAT,Excel不错 能做什么,baidu,related_search,1,excel做的好可以做什么工作呢
ZH12,zh,WHAT,Excel不错 能做什么,baidu,related_search,2,excel好做吗
ZH12,zh,WHAT,Excel不错 能做什么,baidu,related_search,3,"excel用的好,可从事什么工作"
ZH12,zh,WHAT,Excel不错 能做什么,baidu,related_search,4,做excel有前途吗
ZH12,zh,WHAT,Excel不错 能做什么,baidu,related_search,5,excel很厉害可以做什么
ZH12,zh,WHAT,Excel不错 能做什么,baidu,related_search,1,excel适合做什么表格
ZH12,zh,WHAT,Excel不错 能做什么,baidu,related_search,2,excel适合什么工作
ZH12,zh,WHAT,Excel不错 能做什么,baidu,related_search,3,excel做什么工作
ZH12,zh,WHAT,Excel不错 能做什么,baidu,related_search,4,excel可以用来做什么工作
ZH12,zh,WHAT,Excel不错 能做什么,baidu,related_search,5,专门做excel的工作
ZH12,zh,WHAT,Excel不错 能做什么,google,related_search,1,excel不能用方向键
ZH12,zh,WHAT,Excel不错 能做什么,google,related_search,2,excel ctrl shift+ 方向 键 不能 用
ZH12,zh,WHAT,Excel不错 能做什么,google,related_search,3,excel ctrl+ 方向 键 不能 用
ZH12,zh,WHAT,Excel不错 能做什么,google,related_search,4,excel 键盘 方向 键 不能 用
ZH12,zh,WHAT,Excel不错 能做什么,google,related_search,5,excel 方向 键 无法 使用
ZH12,zh,WHAT,Excel不错 能做什么,google,related_search,1,excel 0消失
ZH12,zh,WHAT,Excel不错 能做什么,google,related_search,2,excel 打 不 开 xls
ZH12,zh,WHAT,Excel不错 能做什么,google,related_search,1,excel 点 了 不 保存
ZH12,zh,WHAT,Excel不错 能做什么,google,related_search,2,excel 误点 不 保存
ZH12,zh,WHAT,Excel不错 能做什么,google,related_search,3,excel 不 小心 保存 了
ZH12,zh,WHAT,Excel不错 能做什么,google,related_search,4,excel 保存 pdf 不 分页
ZH12,zh,WHAT,Excel不错 能做什么,google,related_search,5,excel 没 保存 怎么 找 回
ZH12,zh,WHAT,Excel不错 能做什么,baidu,people_also_ask,1,excel好做吗
ZH12,zh,WHAT,Excel不错 能做什么,baidu,people_also_ask,2,做excel有前途吗
ZH12,zh,WHAT,Excel不错 能做什么,google,people_also_ask,1,excel 没 保存 怎么 找 回
ZH13,zh,WHY,小红书有浏览没成交 为什么,baidu,autocomplete,1,小红书一直没有浏览量
ZH13,zh,WHY,小红书有浏览没成交 为什么,baidu,autocomplete,2,小红书一篇文章突然没有浏览量了
ZH13,zh,WHY,小红书有浏览没成交 为什么,baidu,autocomplete,3,为什么小红书的浏览量停留在七八十
ZH13,zh,WHY,小红书有浏览没成交 为什么,baidu,autocomplete,4,小红书有浏览量但是不收录
ZH13,zh,WHY,小红书有浏览没成交 为什么,baidu,autocomplete,5,小红书为什么没有浏览记录
ZH13,zh,WHY,小红书有浏览没成交 为什么,baidu,autocomplete,6,小红书浏览量上不去是什么原因
ZH13,zh,WHY,小红书有浏览没成交 为什么,baidu,autocomplete,7,小红书没被收录却有浏览
ZH13,zh,WHY,小红书有浏览没成交 为什么,baidu,autocomplete,8,为什么小红书的浏览数据会减少
ZH13,zh,WHY,小红书有浏览没成交 为什么,baidu,autocomplete,9,小红书发了没有浏览量
ZH13,zh,WHY,小红书有浏览没成交 为什么,baidu,autocomplete,10,小红书没有浏览量怎么办
ZH13,zh,WHY,小红书有浏览没成交 为什么,google,autocomplete,1,为什么小红书浏览量只有1
ZH13,zh,WHY,小红书有浏览没成交 为什么,google,autocomplete,2,为什么小红书没有流量
ZH13,zh,WHY,小红书有浏览没成交 为什么,google,autocomplete,3,为什么小红书没流量
ZH13,zh,WHY,小红书有浏览没成交 为什么,google,autocomplete,4,为什么小红书看不到
ZH13,zh,WHY,小红书有浏览没成交 为什么,google,autocomplete,5,小红书有没有浏览记录
ZH13,zh,WHY,小红书有浏览没成交 为什么,google,related_search,1,为什么小红书浏览量只有1
ZH13,zh,WHY,小红书有浏览没成交 为什么,google,related_search,2,为什么小红书没有流量
ZH13,zh,WHY,小红书有浏览没成交 为什么,google,related_search,3,为什么小红书没流量
ZH13,zh,WHY,小红书有浏览没成交 为什么,google,related_search,4,为什么小红书看不到
ZH13,zh,WHY,小红书有浏览没成交 为什么,google,related_search,5,小红书有没有浏览记录
ZH13,zh,WHY,小红书有浏览没成交 为什么,baidu,related_search,1,小红书一直没有浏览量怎么回事
ZH13,zh,WHY,小红书有浏览没成交 为什么,baidu,related_search,2,小红书一直没有浏览量会限流吗
ZH13,zh,WHY,小红书有浏览没成交 为什么,baidu,related_search,3,小红书没浏览没流量
ZH13,zh,WHY,小红书有浏览没成交 为什么,baidu,related_search,4,小红书看不到浏览量记录
ZH13,zh,WHY,小红书有浏览没成交 为什么,baidu,related_search,5,小红书浏览量不动 为什么
ZH13,zh,WHY,小红书有浏览没成交 为什么,baidu,related_search,1,小红书一篇文章突然没有浏览量了怎么回事
ZH13,zh,WHY,小红书有浏览没成交 为什么,baidu,related_search,2,小红书突然间没浏览量
ZH13,zh,WHY,小红书有浏览没成交 为什么,baidu,related_search,3,小红书文章突然没流量了
ZH13,zh,WHY,小红书有浏览没成交 为什么,baidu,related_search,4,小红书浏览量很少怎么回事
ZH13,zh,WHY,小红书有浏览没成交 为什么,baidu,related_search,5,小红书浏览量一直不变
ZH13,zh,WHY,小红书有浏览没成交 为什么,baidu,related_search,1,为什么小红书的浏览量停留在七八十多
ZH13,zh,WHY,小红书有浏览没成交 为什么,baidu,related_search,2,小红书浏览量不动 为什么
ZH13,zh,WHY,小红书有浏览没成交 为什么,baidu,related_search,3,为什么我的小红书浏览量只有几十
ZH13,zh,WHY,小红书有浏览没成交 为什么,baidu,related_search,4,小红书浏览量一直不变
ZH13,zh,WHY,小红书有浏览没成交 为什么,baidu,related_search,5,小红书的浏览量突然减少
ZH13,zh,WHY,小红书有浏览没成交 为什么,google,related_search,1,小红书浏览量只有1
ZH13,zh,WHY,小红书有浏览没成交 为什么,google,related_search,2,小红书浏览量是1
ZH13,zh,WHY,小红书有浏览没成交 为什么,google,related_search,3,小红书浏览量为1
ZH13,zh,WHY,小红书有浏览没成交 为什么,google,related_search,4,小红书浏览量一直是1
ZH13,zh,WHY,小红书有浏览没成交 为什么,google,related_search,1,为什么小红书没流量
ZH13,zh,WHY,小红书有浏览没成交 为什么,google,related_search,2,为什么小红书浏览量只有1
ZH13,zh,WHY,小红书有浏览没成交 为什么,google,related_search,3,小红书 流量
ZH13,zh,WHY,小红书有浏览没成交 为什么,google,related_search,1,小 红 书 没有 流量 怎么 办
ZH13,zh,WHY,小红书有浏览没成交 为什么,google,related_search,2,小 红 书 没有 浏览 量
ZH13,zh,WHY,小红书有浏览没成交 为什么,google,related_search,3,小 红 书 没 流量
ZH13,zh,WHY,小红书有浏览没成交 为什么,google,related_search,4,小 红 书 为什么 没有 浏览 记录
ZH13,zh,WHY,小红书有浏览没成交 为什么,google,related_search,5,小 红 书 流量 怎么 变现
ZH13,zh,WHY,小红书有浏览没成交 为什么,baidu,people_also_ask,1,为什么小红书的浏览量停留在七八十
ZH13,zh,WHY,小红书有浏览没成交 为什么,baidu,people_also_ask,2,小红书为什么没有浏览记录
ZH13,zh,WHY,小红书有浏览没成交 为什么,baidu,people_also_ask,3,为什么小红书的浏览数据会减少
ZH13,zh,WHY,小红书有浏览没成交 为什么,baidu,people_also_ask,4,小红书没有浏览量怎么办
ZH13,zh,WHY,小红书有浏览没成交 为什么,baidu,people_also_ask,5,小红书一直没有浏览量怎么回事
ZH13,zh,WHY,小红书有浏览没成交 为什么,baidu,people_also_ask,6,小红书一直没有浏览量会限流吗
ZH13,zh,WHY,小红书有浏览没成交 为什么,baidu,people_also_ask,7,小红书浏览量不动 为什么
ZH13,zh,WHY,小红书有浏览没成交 为什么,baidu,people_also_ask,8,小红书一篇文章突然没有浏览量了怎么回事
ZH13,zh,WHY,小红书有浏览没成交 为什么,baidu,people_also_ask,9,小红书浏览量很少怎么回事
ZH13,zh,WHY,小红书有浏览没成交 为什么,baidu,people_also_ask,10,为什么小红书的浏览量停留在七八十多
ZH13,zh,WHY,小红书有浏览没成交 为什么,google,people_also_ask,1,为什么小红书浏览量只有1
ZH13,zh,WHY,小红书有浏览没成交 为什么,google,people_also_ask,2,为什么小红书没有流量
ZH13,zh,WHY,小红书有浏览没成交 为什么,google,people_also_ask,3,为什么小红书没流量
ZH13,zh,WHY,小红书有浏览没成交 为什么,google,people_also_ask,4,为什么小红书看不到
ZH13,zh,WHY,小红书有浏览没成交 为什么,google,people_also_ask,5,小 红 书 没有 流量 怎么 办
ZH13,zh,WHY,小红书有浏览没成交 为什么,google,people_also_ask,6,小 红 书 为什么 没有 浏览 记录
ZH13,zh,WHY,小红书有浏览没成交 为什么,google,people_also_ask,7,小 红 书 流量 怎么 变现
ZH14,zh,WHY,工具做出来卖不动 为什么,baidu,autocomplete,1,工具好卖吗
ZH14,zh,WHY,工具做出来卖不动 为什么,baidu,autocomplete,2,卖工具赚钱吗
ZH14,zh,WHY,工具做出来卖不动 为什么,baidu,autocomplete,3,为什么有的工具设计成费力的
ZH14,zh,WHY,工具做出来卖不动 为什么,baidu,autocomplete,4,卖工具的店
ZH14,zh,WHY,工具做出来卖不动 为什么,baidu,autocomplete,5,工具不能犯怎么处理
ZH14,zh,WHY,工具做出来卖不动 为什么,baidu,autocomplete,6,卖工具的店叫什么名字
ZH14,zh,WHY,工具做出来卖不动 为什么,google,autocomplete,1,工具店
ZH14,zh,WHY,工具做出来卖不动 为什么,google,autocomplete,2,工具电池维修
ZH14,zh,WHY,工具做出来卖不动 为什么,google,autocomplete,3,工具修复
ZH14,zh,WHY,工具做出来卖不动 为什么,google,autocomplete,4,电动工具维修
ZH14,zh,WHY,工具做出来卖不动 为什么,google,autocomplete,5,电动工具电池无法充电
ZH14,zh,WHY,工具做出来卖不动 为什么,google,related_search,1,工具店
ZH14,zh,WHY,工具做出来卖不动 为什么,google,related_search,2,工具电池维修
ZH14,zh,WHY,工具做出来卖不动 为什么,google,related_search,3,工具修复
ZH14,zh,WHY,工具做出来卖不动 为什么,google,related_search,4,电动工具维修
ZH14,zh,WHY,工具做出来卖不动 为什么,google,related_search,5,电动工具电池无法充电
ZH14,zh,WHY,工具做出来卖不动 为什么,baidu,related_search,1,卖工具怎么样
ZH14,zh,WHY,工具做出来卖不动 为什么,baidu,related_search,2,卖工具赚钱吗
ZH14,zh,WHY,工具做出来卖不动 为什么,baidu,related_search,3,卖工具的店
ZH14,zh,WHY,工具做出来卖不动 为什么,baidu,related_search,4,专门卖工具的平台有哪些
ZH14,zh,WHY,工具做出来卖不动 为什么,baidu,related_search,5,卖工具的网站有哪些
ZH14,zh,WHY,工具做出来卖不动 为什么,baidu,related_search,1,卖工具赚钱吗现在
ZH14,zh,WHY,工具做出来卖不动 为什么,baidu,related_search,2,卖工具赚钱吗知乎
ZH14,zh,WHY,工具做出来卖不动 为什么,baidu,related_search,3,卖工具怎么样
ZH14,zh,WHY,工具做出来卖不动 为什么,baidu,related_search,4,卖工具的店
ZH14,zh,WHY,工具做出来卖不动 为什么,baidu,related_search,5,专门卖工具的平台有哪些
ZH14,zh,WHY,工具做出来卖不动 为什么,baidu,related_search,1,为什么有的工具设计成费力的工具呢
ZH14,zh,WHY,工具做出来卖不动 为什么,baidu,related_search,2,举例说明为什么有的工具要设计成费力的?
ZH14,zh,WHY,工具做出来卖不动 为什么,baidu,related_search,3,为什么有些工具设计成费力杠杆
ZH14,zh,WHY,工具做出来卖不动 为什么,baidu,related_search,4,为什么要使用工具
ZH14,zh,WHY,工具做出来卖不动 为什么,baidu,related_search,5,为什么工具的具不是两横
ZH14,zh,WHY,工具做出来卖不动 为什么,google,related_search,1,工具店 日文
ZH14,zh,WHY,工具做出来卖不动 为什么,google,related_search,2,工具店 东京
ZH14,zh,WHY,工具做出来卖不动 为什么,google,related_search,3,工具店 400公尺内
ZH14,zh,WHY,工具做出来卖不动 为什么,google,related_search,4,工具店 800公尺内
ZH14,zh,WHY,工具做出来卖不动 为什么,google,related_search,5,工具店 营业中
ZH14,zh,WHY,工具做出来卖不动 为什么,google,related_search,1,电动工具电池维修
ZH14,zh,WHY,工具做出来卖不动 为什么,google,related_search,2,电动工具维修
ZH14,zh,WHY,工具做出来卖不动 为什么,google,related_search,3,工具 电池
ZH14,zh,WHY,工具做出来卖不动 为什么,google,related_search,4,电子 维修 工具
ZH14,zh,WHY,工具做出来卖不动 为什么,google,related_search,1,minecraft 工具修复
ZH14,zh,WHY,工具做出来卖不动 为什么,google,related_search,2,麦块 工具修复
ZH14,zh,WHY,工具做出来卖不动 为什么,google,related_search,3,dism 工具修复系统映像
ZH14,zh,WHY,工具做出来卖不动 为什么,google,related_search,4,工具除锈
ZH14,zh,WHY,工具做出来卖不动 为什么,google,related_search,5,工具整理
ZH14,zh,WHY,工具做出来卖不动 为什么,baidu,people_also_ask,1,工具好卖吗
ZH14,zh,WHY,工具做出来卖不动 为什么,baidu,people_also_ask,2,卖工具赚钱吗
ZH14,zh,WHY,工具做出来卖不动 为什么,baidu,people_also_ask,3,为什么有的工具设计成费力的
ZH14,zh,WHY,工具做出来卖不动 为什么,baidu,people_also_ask,4,工具不能犯怎么处理
ZH14,zh,WHY,工具做出来卖不动 为什么,baidu,people_also_ask,5,卖工具怎么样
ZH14,zh,WHY,工具做出来卖不动 为什么,baidu,people_also_ask,6,卖工具赚钱吗现在
ZH14,zh,WHY,工具做出来卖不动 为什么,baidu,people_also_ask,7,卖工具赚钱吗知乎
ZH14,zh,WHY,工具做出来卖不动 为什么,baidu,people_also_ask,8,为什么有的工具设计成费力的工具呢
ZH14,zh,WHY,工具做出来卖不动 为什么,baidu,people_also_ask,9,举例说明为什么有的工具要设计成费力的?
ZH14,zh,WHY,工具做出来卖不动 为什么,baidu,people_also_ask,10,为什么有些工具设计成费力杠杆
ZH15,zh,WHY,接单收入不稳定 为什么,baidu,autocomplete,1,接单收入不稳定 为什么呢
ZH15,zh,WHY,接单收入不稳定 为什么,baidu,autocomplete,2,接单收入不稳定 为什么要交税
ZH15,zh,WHY,接单收入不稳定 为什么,baidu,autocomplete,3,接单收入不稳定 为什么还能赚钱
ZH15,zh,WHY,接单收入不稳定 为什么,baidu,autocomplete,4,接单完成率低
ZH15,zh,WHY,接单收入不稳定 为什么,baidu,autocomplete,5,收单业务发展不好的原因
ZH15,zh,WHY,接单收入不稳定 为什么,baidu,autocomplete,6,接单易为什么接不到单
ZH15,zh,WHY,接单收入不稳定 为什么,google,autocomplete,1,接单赚钱
ZH15,zh,WHY,接单收入不稳定 为什么,google,autocomplete,2,接单不送
ZH15,zh,WHY,接单收入不稳定 为什么,google,autocomplete,3,不接受订单
ZH15,zh,WHY,接单收入不稳定 为什么,google,autocomplete,4,不接受修理对付
ZH15,zh,WHY,接单收入不稳定 为什么,google,autocomplete,5,接收不到telegram短信
ZH15,zh,WHY,接单收入不稳定 为什么,google,related_search,1,接 单 率
ZH15,zh,WHY,接单收入不稳定 为什么,google,related_search,2,接单赚钱
ZH15,zh,WHY,接单收入不稳定 为什么,google,related_search,3,不丹收入
ZH15,zh,WHY,接单收入不稳定 为什么,google,related_search,4,如何 解决 收入 不 平等
ZH15,zh,WHY,接单收入不稳定 为什么,google,related_search,5,收入 低 于 多少 不用 交 税
ZH15,zh,WHY,接单收入不稳定 为什么,baidu,related_search,1,接单易为什么接不到单
ZH15,zh,WHY,接单收入不稳定 为什么,baidu,related_search,2,接单完成率低
ZH15,zh,WHY,接单收入不稳定 为什么,baidu,related_search,3,接单失败怎么办
ZH15,zh,WHY,接单收入不稳定 为什么,baidu,related_search,4,接单完成率低什么意思
ZH15,zh,WHY,接单收入不稳定 为什么,baidu,related_search,5,接单易为什么没有任务
ZH15,zh,WHY,接单收入不稳定 为什么,baidu,related_search,1,接单收入不稳定 为什么要交税呢
ZH15,zh,WHY,接单收入不稳定 为什么,baidu,related_search,2,接单收入不稳定 为什么要交税费
ZH15,zh,WHY,接单收入不稳定 为什么,baidu,related_search,1,接单收入不稳定 为什么还能赚钱呢
ZH15,zh,WHY,接单收入不稳定 为什么,baidu,related_search,2,接单易为什么接不到单
ZH15,zh,WHY,接单收入不稳定 为什么,baidu,related_search,4,接单就变强
ZH15,zh,WHY,接单收入不稳定 为什么,google,related_search,1,接单赚钱诈骗
ZH15,zh,WHY,接单收入不稳定 为什么,google,related_search,2,接单
ZH15,zh,WHY,接单收入不稳定 为什么,google,related_search,3,接单平台
ZH15,zh,WHY,接单收入不稳定 为什么,google,related_search,4,简单赚钱方法
ZH15,zh,WHY,接单收入不稳定 为什么,google,related_search,1,外送员 接单不送
ZH15,zh,WHY,接单收入不稳定 为什么,google,related_search,2,外送 接单不送
ZH15,zh,WHY,接单收入不稳定 为什么,google,related_search,3,uber 接单不送
ZH15,zh,WHY,接单收入不稳定 为什么,google,related_search,4,接 单 率
ZH15,zh,WHY,接单收入不稳定 为什么,google,related_search,5,接 不 到 码
ZH15,zh,WHY,接单收入不稳定 为什么,google,related_search,1,不接受订单 英文
ZH15,zh,WHY,接单收入不稳定 为什么,google,related_search,2,uber 不接受订单
ZH15,zh,WHY,接单收入不稳定 为什么,google,related_search,3,不 接受 反驳 英语
ZH15,zh,WHY,接单收入不稳定 为什么,google,related_search,4,不 接受 不 拒绝
ZH15,zh,WHY,接单收入不稳定 为什么,google,related_search,5,不能接受的 英文
ZH15,zh,WHY,接单收入不稳定 为什么,baidu,people_also_ask,1,接单收入不稳定 为什么呢
ZH15,zh,WHY,接单收入不稳定 为什么,baidu,people_also_ask,2,接单收入不稳定 为什么要交税
ZH15,zh,WHY,接单收入不稳定 为什么,baidu,people_also_ask,3,接单收入不稳定 为什么还能赚钱
ZH15,zh,WHY,接单收入不稳定 为什么,baidu,people_also_ask,4,接单易为什么接不到单
ZH15,zh,WHY,接单收入不稳定 为什么,baidu,people_also_ask,5,接单失败怎么办
ZH15,zh,WHY,接单收入不稳定 为什么,baidu,people_also_ask,6,接单易为什么没有任务
ZH15,zh,WHY,接单收入不稳定 为什么,baidu,people_also_ask,7,接单收入不稳定 为什么要交税呢
ZH15,zh,WHY,接单收入不稳定 为什么,baidu,people_also_ask,8,接单收入不稳定 为什么要交税费
ZH15,zh,WHY,接单收入不稳定 为什么,baidu,people_also_ask,9,接单收入不稳定 为什么还能赚钱呢
ZH15,zh,WHY,接单收入不稳定 为什么,google,people_also_ask,1,如何 解决 收入 不 平等
ZH16,zh,HOW,不会编程 怎么做AI副业,baidu,autocomplete,1,不会编程怎么做开发
ZH16,zh,HOW,不会编程 怎么做AI副业,baidu,autocomplete,2,不会编程怎么找工作
ZH16,zh,HOW,不会编程 怎么做AI副业,baidu,autocomplete,3,不会编程的人可以踏入编程行业吗
ZH16,zh,HOW,不会编程 怎么做AI副业,baidu,autocomplete,4,不会编程能做小程序吗
ZH16,zh,HOW,不会编程 怎么做AI副业,baidu,autocomplete,5,不会编程怎么办
ZH16,zh,HOW,不会编程 怎么做AI副业,baidu,autocomplete,6,"不会编程,可以做什么计算机类工作"
ZH16,zh,HOW,不会编程 怎么做AI副业,baidu,autocomplete,7,不会编程可以做游戏吗
ZH16,zh,HOW,不会编程 怎么做AI副业,baidu,autocomplete,8,不会编程的程序员
ZH16,zh,HOW,不会编程 怎么做AI副业,baidu,autocomplete,9,不会编程可以做app吗
ZH16,zh,HOW,不会编程 怎么做AI副业,baidu,autocomplete,10,不会编程怎么做软件
ZH16,zh,HOW,不会编程 怎么做AI副业,google,autocomplete,1,不 会 编程
ZH16,zh,HOW,不会编程 怎么做AI副业,google,autocomplete,2,不 会 被 ai 取代 的 职业
ZH16,zh,HOW,不会编程 怎么做AI副业,google,autocomplete,3,不 会 写 代码 怎么 办
ZH16,zh,HOW,不会编程 怎么做AI副业,google,autocomplete,4,不被ai取代的工作
ZH16,zh,HOW,不会编程 怎么做AI副业,google,related_search,1,不会编程 怎么做ai副业赚钱
ZH16,zh,HOW,不会编程 怎么做AI副业,baidu,related_search,1,不会编程怎么做开发工程师
ZH16,zh,HOW,不会编程 怎么做AI副业,baidu,related_search,2,不会编程怎么做开发软件
ZH16,zh,HOW,不会编程 怎么做AI副业,baidu,related_search,3,不会编程怎么做开发者
ZH16,zh,HOW,不会编程 怎么做AI副业,baidu,related_search,4,不会编程怎么开发app
ZH16,zh,HOW,不会编程 怎么做AI副业,baidu,related_search,5,不会编程可以开发小程序吗
ZH16,zh,HOW,不会编程 怎么做AI副业,baidu,related_search,1,不会编程怎么找工作呢
ZH16,zh,HOW,不会编程 怎么做AI副业,baidu,related_search,2,不会编程的人可以踏入编程行业吗
ZH16,zh,HOW,不会编程 怎么做AI副业,baidu,related_search,3,不会编程可以做app吗
ZH16,zh,HOW,不会编程 怎么做AI副业,baidu,related_search,4,不会编程怎么办
ZH16,zh,HOW,不会编程 怎么做AI副业,baidu,related_search,5,"不会编程,可以做什么计算机类工作"
ZH16,zh,HOW,不会编程 怎么做AI副业,baidu,related_search,1,不会编程的人可以踏入编程行业吗知乎
ZH16,zh,HOW,不会编程 怎么做AI副业,baidu,related_search,2,不会编程怎么办
ZH16,zh,HOW,不会编程 怎么做AI副业,baidu,related_search,3,不会编程可以学计算机吗
ZH16,zh,HOW,不会编程 怎么做AI副业,baidu,related_search,4,不会编程可以做app吗
ZH16,zh,HOW,不会编程 怎么做AI副业,google,related_search,1,不 会 写 代码
ZH16,zh,HOW,不会编程 怎么做AI副业,google,related_search,2,不 会 写 代码 怎么 办
ZH16,zh,HOW,不会编程 怎么做AI副业,google,related_search,3,编程 回想
ZH16,zh,HOW,不会编程 怎么做AI副业,google,related_search,4,编程 不 难
ZH16,zh,HOW,不会编程 怎么做AI副业,google,related_search,1,不会被ai取代的职业
ZH16,zh,HOW,不会编程 怎么做AI副业,google,related_search,2,最 不 会 被 ai 取代 的 职业
ZH16,zh,HOW,不会编程 怎么做AI副业,google,related_search,3,黄仁勋 不 会 被 ai 取代 的 职业
ZH16,zh,HOW,不会编程 怎么做AI副业,google,related_search,4,未来 不 会 被 ai 取代 的 职业
ZH16,zh,HOW,不会编程 怎么做AI副业,google,related_search,5,会被 ai 取代的工作
ZH16,zh,HOW,不会编程 怎么做AI副业,google,related_search,1,代码 写 不 出来 怎么 办
ZH16,zh,HOW,不会编程 怎么做AI副业,google,related_search,2,代码 写 不 出来
ZH16,zh,HOW,不会编程 怎么做AI副业,google,related_search,3,不 会 写 代码
ZH16,zh,HOW,不会编程 怎么做AI副业,google,related_search,4,不 会 写 代码 也 能 开发 新 应用
ZH16,zh,HOW,不会编程 怎么做AI副业,baidu,people_also_ask,1,不会编程怎么做开发
ZH16,zh,HOW,不会编程 怎么做AI副业,baidu,people_also_ask,2,不会编程怎么找工作
ZH16,zh,HOW,不会编程 怎么做AI副业,baidu,people_also_ask,3,不会编程的人可以踏入编程行业吗
ZH16,zh,HOW,不会编程 怎么做AI副业,baidu,people_also_ask,4,不会编程能做小程序吗
ZH16,zh,HOW,不会编程 怎么做AI副业,baidu,people_also_ask,5,不会编程怎么办
ZH16,zh,HOW,不会编程 怎么做AI副业,baidu,people_also_ask,6,不会编程可以做游戏吗
ZH16,zh,HOW,不会编程 怎么做AI副业,baidu,people_also_ask,7,不会编程可以做app吗
ZH16,zh,HOW,不会编程 怎么做AI副业,baidu,people_also_ask,8,不会编程怎么做软件
ZH16,zh,HOW,不会编程 怎么做AI副业,baidu,people_also_ask,9,不会编程怎么做开发工程师
ZH16,zh,HOW,不会编程 怎么做AI副业,baidu,people_also_ask,10,不会编程怎么做开发软件
ZH16,zh,HOW,不会编程 怎么做AI副业,google,people_also_ask,1,不 会 写 代码 怎么 办
ZH16,zh,HOW,不会编程 怎么做AI副业,google,people_also_ask,2,不会编程 怎么做ai副业赚钱
ZH16,zh,HOW,不会编程 怎么做AI副业,google,people_also_ask,3,代码 写 不 出来 怎么 办
ZH17,zh,HOW,宝妈每天1小时 怎么做副业,baidu,autocomplete,1,全职宝妈一天赚1000
ZH17,zh,HOW,宝妈每天1小时 怎么做副业,baidu,autocomplete,2,宝妈的一天时间的合理安排
ZH17,zh,HOW,宝妈每天1小时 怎么做副业,baidu,autocomplete,3,全职宝妈在家做什么可以赚钱?一天赚100元左右...
ZH17,zh,HOW,宝妈每天1小时 怎么做副业,baidu,autocomplete,4,宝妈的一天如何规划
ZH17,zh,HOW,宝妈每天1小时 怎么做副业,baidu,autocomplete,5,宝妈如何做兼职
ZH17,zh,HOW,宝妈每天1小时 怎么做副业,baidu,autocomplete,6,宝妈兼职四五个小时即可
ZH17,zh,HOW,宝妈每天1小时 怎么做副业,baidu,autocomplete,7,6年全职宝妈一天赚1000元
ZH17,zh,HOW,宝妈每天1小时 怎么做副业,baidu,autocomplete,8,宝妈的一天时间表
ZH17,zh,HOW,宝妈每天1小时 怎么做副业,baidu,autocomplete,9,6年全职宝妈一天赚一千块
ZH17,zh,HOW,宝妈每天1小时 怎么做副业,baidu,autocomplete,10,全职宝妈的一天时间表
ZH17,zh,HOW,宝妈每天1小时 怎么做副业,google,related_search,1,宝妈每天1小时 怎么做副业赚钱
ZH17,zh,HOW,宝妈每天1小时 怎么做副业,baidu,related_search,1,全职宝妈一天赚1000万
ZH17,zh,HOW,宝妈每天1小时 怎么做副业,baidu,related_search,2,全职宝妈一天赚1000正常吗
ZH17,zh,HOW,宝妈每天1小时 怎么做副业,baidu,related_search,3,6年宝妈一天赚1000
ZH17,zh,HOW,宝妈每天1小时 怎么做副业,baidu,related_search,4,全职宝妈挣钱
ZH17,zh,HOW,宝妈每天1小时 怎么做副业,baidu,related_search,5,全职宝妈一天的时间安排
ZH17,zh,HOW,宝妈每天1小时 怎么做副业,baidu,related_search,1,宝妈的一天时间的合理安排满当发朋友圈
ZH17,zh,HOW,宝妈每天1小时 怎么做副业,baidu,related_search,2,宝妈一天时间安排计划表
ZH17,zh,HOW,宝妈每天1小时 怎么做副业,baidu,related_search,3,宝妈的一天时间表
ZH17,zh,HOW,宝妈每天1小时 怎么做副业,baidu,related_search,4,宝妈的一天如何规划
ZH17,zh,HOW,宝妈每天1小时 怎么做副业,baidu,related_search,5,宝妈一日生活安排
ZH17,zh,HOW,宝妈每天1小时 怎么做副业,baidu,related_search,1,全职宝妈在家做什么可以赚钱?一天赚100元左右
ZH17,zh,HOW,宝妈每天1小时 怎么做副业,baidu,related_search,2,全职宝妈在家就能做的兼职
ZH17,zh,HOW,宝妈每天1小时 怎么做副业,baidu,related_search,3,全职宝妈在家可以做点什么赚钱
ZH17,zh,HOW,宝妈每天1小时 怎么做副业,baidu,related_search,4,全职宝妈在家做什么可以零投资赚钱
ZH17,zh,HOW,宝妈每天1小时 怎么做副业,baidu,related_search,5,宝妈在家能赚钱
ZH17,zh,HOW,宝妈每天1小时 怎么做副业,baidu,people_also_ask,1,全职宝妈在家做什么可以赚钱?一天赚100元左右...
ZH17,zh,HOW,宝妈每天1小时 怎么做副业,baidu,people_also_ask,2,宝妈的一天如何规划
ZH17,zh,HOW,宝妈每天1小时 怎么做副业,baidu,people_also_ask,3,宝妈如何做兼职
ZH17,zh,HOW,宝妈每天1小时 怎么做副业,baidu,people_also_ask,4,全职宝妈一天赚1000正常吗
ZH17,zh,HOW,宝妈每天1小时 怎么做副业,baidu,people_also_ask,5,全职宝妈在家做什么可以赚钱?一天赚100元左右
ZH17,zh,HOW,宝妈每天1小时 怎么做副业,google,people_also_ask,1,宝妈每天1小时 怎么做副业赚钱
ZH18,zh,HOW,设计师不想卖时间 怎么办,baidu,autocomplete,1,设计师不想做设计了
ZH18,zh,HOW,设计师不想卖时间 怎么办,baidu,autocomplete,2,设计师不想做设计了 还能做什么
ZH18,zh,HOW,设计师不想卖时间 怎么办,baidu,autocomplete,3,设计师没想法怎么办
ZH18,zh,HOW,设计师不想卖时间 怎么办,baidu,autocomplete,4,设计师不上班怎么赚钱
ZH18,zh,HOW,设计师不想卖时间 怎么办,baidu,autocomplete,5,设计师设计不出来东西怎么办
ZH18,zh,HOW,设计师不想卖时间 怎么办,baidu,autocomplete,6,设计师不挣钱
ZH18,zh,HOW,设计师不想卖时间 怎么办,baidu,autocomplete,7,设计不想干了
ZH18,zh,HOW,设计师不想卖时间 怎么办,baidu,autocomplete,8,设计师不满意可以退款吗
ZH18,zh,HOW,设计师不想卖时间 怎么办,baidu,autocomplete,9,设计师没想法还能做设计师吗
ZH18,zh,HOW,设计师不想卖时间 怎么办,baidu,autocomplete,10,设计师想不出方案怎么办
ZH18,zh,HOW,设计师不想卖时间 怎么办,google,autocomplete,1,设计师赚钱
ZH18,zh,HOW,设计师不想卖时间 怎么办,google,autocomplete,2,设计师失业
ZH18,zh,HOW,设计师不想卖时间 怎么办,google,autocomplete,3,设计师访谈
ZH18,zh,HOW,设计师不想卖时间 怎么办,google,autocomplete,4,设计师接单
ZH18,zh,HOW,设计师不想卖时间 怎么办,google,autocomplete,5,设计师转行
ZH18,zh,HOW,设计师不想卖时间 怎么办,google,related_search,1,设计师不想卖时间 怎么办呢
ZH18,zh,HOW,设计师不想卖时间 怎么办,google,related_search,2,设计师不想卖时间 怎么办理
ZH18,zh,HOW,设计师不想卖时间 怎么办,baidu,related_search,1,设计师不想做设计了怎么办
ZH18,zh,HOW,设计师不想卖时间 怎么办,baidu,related_search,2,设计师不想做设计了怎么处理
ZH18,zh,HOW,设计师不想卖时间 怎么办,baidu,related_search,3,设计师不想做设计了怎么拒绝
ZH18,zh,HOW,设计师不想卖时间 怎么办,baidu,related_search,4,设计师不想做设计了 还能做什么
ZH18,zh,HOW,设计师不想卖时间 怎么办,baidu,related_search,5,设计师没想法还能做设计师吗
ZH18,zh,HOW,设计师不想卖时间 怎么办,baidu,related_search,1,设计师不想做设计了 还能做什么呢
ZH18,zh,HOW,设计师不想卖时间 怎么办,baidu,related_search,2,不想做设计师了能干嘛
ZH18,zh,HOW,设计师不想卖时间 怎么办,baidu,related_search,3,设计师没想法还能做设计师吗
ZH18,zh,HOW,设计师不想卖时间 怎么办,baidu,related_search,4,学设计不想做设计师
ZH18,zh,HOW,设计师不想卖时间 怎么办,baidu,related_search,5,不想当设计师了还能干啥呢?
ZH18,zh,HOW,设计师不想卖时间 怎么办,baidu,related_search,1,设计师没想法怎么办呢
ZH18,zh,HOW,设计师不想卖时间 怎么办,baidu,related_search,2,设计师没有想法
ZH18,zh,HOW,设计师不想卖时间 怎么办,baidu,related_search,4,设计师没事干怎么办
ZH18,zh,HOW,设计师不想卖时间 怎么办,baidu,related_search,5,设计师做不出东西怎么办
ZH18,zh,HOW,设计师不想卖时间 怎么办,google,related_search,1,设计赚钱
ZH18,zh,HOW,设计师不想卖时间 怎么办,google,related_search,2,设计师接单
ZH18,zh,HOW,设计师不想卖时间 怎么办,google,related_search,3,设计师转行
ZH18,zh,HOW,设计师不想卖时间 怎么办,google,related_search,4,设计师失业
ZH18,zh,HOW,设计师不想卖时间 怎么办,google,related_search,1,设计师 失业
ZH18,zh,HOW,设计师不想卖时间 怎么办,google,related_search,2,设计师移民
ZH18,zh,HOW,设计师不想卖时间 怎么办,google,related_search,3,设计师副业
ZH18,zh,HOW,设计师不想卖时间 怎么办,google,related_search,4,设计师赚钱
ZH18,zh,HOW,设计师不想卖时间 怎么办,google,related_search,5,设计师面试
ZH18,zh,HOW,设计师不想卖时间 怎么办,google,related_search,1,设计师采访
ZH18,zh,HOW,设计师不想卖时间 怎么办,google,related_search,2,设计 师 分享
ZH18,zh,HOW,设计师不想卖时间 怎么办,google,related_search,3,设计 师 推荐
ZH18,zh,HOW,设计师不想卖时间 怎么办,baidu,people_also_ask,1,设计师没想法怎么办
ZH18,zh,HOW,设计师不想卖时间 怎么办,baidu,people_also_ask,2,设计师不上班怎么赚钱
ZH18,zh,HOW,设计师不想卖时间 怎么办,baidu,people_also_ask,3,设计师设计不出来东西怎么办
ZH18,zh,HOW,设计师不想卖时间 怎么办,baidu,people_also_ask,4,设计师不满意可以退款吗
ZH18,zh,HOW,设计师不想卖时间 怎么办,baidu,people_also_ask,5,设计师没想法还能做设计师吗
ZH18,zh,HOW,设计师不想卖时间 怎么办,baidu,people_also_ask,6,设计师想不出方案怎么办
ZH18,zh,HOW,设计师不想卖时间 怎么办,baidu,people_also_ask,7,设计师不想做设计了怎么办
ZH18,zh,HOW,设计师不想卖时间 怎么办,baidu,people_also_ask,8,设计师不想做设计了怎么处理
ZH18,zh,HOW,设计师不想卖时间 怎么办,baidu,people_also_ask,9,设计师不想做设计了怎么拒绝
ZH18,zh,HOW,设计师不想卖时间 怎么办,baidu,people_also_ask,10,不想当设计师了还能干啥呢?
ZH18,zh,HOW,设计师不想卖时间 怎么办,google,people_also_ask,1,设计师不想卖时间 怎么办呢
ZH18,zh,HOW,设计师不想卖时间 怎么办,google,people_also_ask,2,设计师不想卖时间 怎么办理
ZH19,zh,HOW,英语一般 怎么做海外副业,baidu,autocomplete,1,英语一般 怎么做海外副业工作
ZH19,zh,HOW,英语一般 怎么做海外副业,baidu,autocomplete,2,英语副业赚钱
ZH19,zh,HOW,英语一般 怎么做海外副业,baidu,autocomplete,3,英语好副业做什么
ZH19,zh,HOW,英语一般 怎么做海外副业,baidu,autocomplete,4,英语可以做的副业
ZH19,zh,HOW,英语一般 怎么做海外副业,baidu,autocomplete,5,如何用英语兼职赚钱
ZH19,zh,HOW,英语一般 怎么做海外副业,baidu,autocomplete,6,英语比较好的怎么做兼职?
ZH19,zh,HOW,英语一般 怎么做海外副业,baidu,autocomplete,7,国外怎么做副业
ZH19,zh,HOW,英语一般 怎么做海外副业,baidu,autocomplete,8,英语怎么兼职
ZH19,zh,HOW,英语一般 怎么做海外副业,baidu,autocomplete,9,适合英语专业的副业
ZH19,zh,HOW,英语一般 怎么做海外副业,baidu,autocomplete,10,英语如何赚钱
ZH19,zh,HOW,英语一般 怎么做海外副业,google,autocomplete,1,海外副业
ZH19,zh,HOW,英语一般 怎么做海外副业,google,autocomplete,2,英语 一般 怎么 说
ZH19,zh,HOW,英语一般 怎么做海外副业,google,autocomplete,3,英语 不 好 怎么 面试
ZH19,zh,HOW,英语一般 怎么做海外副业,google,autocomplete,4,英语做饭
ZH19,zh,HOW,英语一般 怎么做海外副业,google,related_search,1,英语一般 怎么做海外副业的
ZH19,zh,HOW,英语一般 怎么做海外副业,google,related_search,2,英语一般 怎么做海外副业的网站
ZH19,zh,HOW,英语一般 怎么做海外副业,google,related_search,3,英语一般 怎么做海外副业的平台
ZH19,zh,HOW,英语一般 怎么做海外副业,baidu,related_search,1,英语一般 怎么做海外副业工作的
ZH19,zh,HOW,英语一般 怎么做海外副业,baidu,related_search,2,英语副业赚钱
ZH19,zh,HOW,英语一般 怎么做海外副业,baidu,related_search,3,英语行业的副业
ZH19,zh,HOW,英语一般 怎么做海外副业,baidu,related_search,4,英语好副业做什么
ZH19,zh,HOW,英语一般 怎么做海外副业,baidu,related_search,5,英语比较好的怎么做兼职?
ZH19,zh,HOW,英语一般 怎么做海外副业,baidu,related_search,1,英语兼职赚钱
ZH19,zh,HOW,英语一般 怎么做海外副业,baidu,related_search,2,英语好副业做什么
ZH19,zh,HOW,英语一般 怎么做海外副业,baidu,related_search,4,英语赚钱工作有哪些
ZH19,zh,HOW,英语一般 怎么做海外副业,baidu,related_search,5,英语 赚钱
ZH19,zh,HOW,英语一般 怎么做海外副业,baidu,related_search,1,英语好副业做什么好
ZH19,zh,HOW,英语一般 怎么做海外副业,baidu,related_search,2,英语好的副业
ZH19,zh,HOW,英语一般 怎么做海外副业,baidu,related_search,3,英语不错适合做什么副业
ZH19,zh,HOW,英语一般 怎么做海外副业,baidu,related_search,4,英语副业赚钱
ZH19,zh,HOW,英语一般 怎么做海外副业,baidu,related_search,5,适合英语专业的副业
ZH19,zh,HOW,英语一般 怎么做海外副业,google,related_search,1,国外副业
ZH19,zh,HOW,英语一般 怎么做海外副业,google,related_search,2,美国副业赚钱
ZH19,zh,HOW,英语一般 怎么做海外副业,google,related_search,3,美国副业
ZH19,zh,HOW,英语一般 怎么做海外副业,google,related_search,1,英文 一般 英文
ZH19,zh,HOW,英语一般 怎么做海外副业,google,related_search,2,英语一般现在时
ZH19,zh,HOW,英语一般 怎么做海外副业,google,related_search,3,英语 一般 将来 时
ZH19,zh,HOW,英语一般 怎么做海外副业,google,related_search,1,英语面试
ZH19,zh,HOW,英语一般 怎么做海外副业,google,related_search,2,英语不好在美国做什么工作
ZH19,zh,HOW,英语一般 怎么做海外副业,google,related_search,3,英语面试技巧
ZH19,zh,HOW,英语一般 怎么做海外副业,google,related_search,4,英语面试对话
ZH19,zh,HOW,英语一般 怎么做海外副业,baidu,people_also_ask,1,英语一般 怎么做海外副业工作
ZH19,zh,HOW,英语一般 怎么做海外副业,baidu,people_also_ask,2,如何用英语兼职赚钱
ZH19,zh,HOW,英语一般 怎么做海外副业,baidu,people_also_ask,3,英语比较好的怎么做兼职?
ZH19,zh,HOW,英语一般 怎么做海外副业,baidu,people_also_ask,4,国外怎么做副业
ZH19,zh,HOW,英语一般 怎么做海外副业,baidu,people_also_ask,5,英语怎么兼职
ZH19,zh,HOW,英语一般 怎么做海外副业,baidu,people_also_ask,6,英语如何赚钱
ZH19,zh,HOW,英语一般 怎么做海外副业,baidu,people_also_ask,7,英语一般 怎么做海外副业工作的
ZH19,zh,HOW,英语一般 怎么做海外副业,google,people_also_ask,1,英语 一般 怎么 说
ZH19,zh,HOW,英语一般 怎么做海外副业,google,people_also_ask,2,英语 不 好 怎么 面试
ZH19,zh,HOW,英语一般 怎么做海外副业,google,people_also_ask,3,英语一般 怎么做海外副业的
ZH19,zh,HOW,英语一般 怎么做海外副业,google,people_also_ask,4,英语一般 怎么做海外副业的网站
ZH19,zh,HOW,英语一般 怎么做海外副业,google,people_also_ask,5,英语一般 怎么做海外副业的平台
ZH20,zh,HOW,一个人零预算 怎么开始,baidu,autocomplete,1,一个人零预算 怎么开始赚钱
ZH20,zh,HOW,一个人零预算 怎么开始,baidu,autocomplete,2,如何做个人预算
ZH20,zh,HOW,一个人零预算 怎么开始,google,autocomplete,1,一个 数 的 零 次 方 等于 多少
ZH20,zh,HOW,一个人零预算 怎么开始,google,autocomplete,2,一个人 铃凯
ZH20,zh,HOW,一个人零预算 怎么开始,google,autocomplete,3,余额+ 零钱 通
ZH20,zh,HOW,一个人零预算 怎么开始,google,autocomplete,4,任意 数 的 零 次 方
ZH20,zh,HOW,一个人零预算 怎么开始,google,autocomplete,5,零 余 人
ZH20,zh,HOW,一个人零预算 怎么开始,google,related_search,1,一个人零预算 怎么开始的
ZH20,zh,HOW,一个人零预算 怎么开始,google,related_search,2,一个人零预算 怎么开始收税
ZH20,zh,HOW,一个人零预算 怎么开始,google,related_search,3,一个人零预算 怎么开始推广
ZH20,zh,HOW,一个人零预算 怎么开始,baidu,related_search,1,一个人零预算 怎么开始赚钱的
ZH20,zh,HOW,一个人零预算 怎么开始,baidu,related_search,2,一个人0资金怎么创业
ZH20,zh,HOW,一个人零预算 怎么开始,baidu,related_search,3,"一个人0资金怎么创业,有什么小工厂"
ZH20,zh,HOW,一个人零预算 怎么开始,baidu,related_search,4,一个人挣钱项目
ZH20,zh,HOW,一个人零预算 怎么开始,baidu,related_search,5,一个人零成本创业
ZH20,zh,HOW,一个人零预算 怎么开始,baidu,related_search,1,如何做个人预算工作
ZH20,zh,HOW,一个人零预算 怎么开始,baidu,related_search,2,如何做好个人预算
ZH20,zh,HOW,一个人零预算 怎么开始,baidu,related_search,3,个人预算的步骤
ZH20,zh,HOW,一个人零预算 怎么开始,baidu,related_search,4,如何做个人预算管理
ZH20,zh,HOW,一个人零预算 怎么开始,baidu,related_search,5,如何编制个人预算?你做的预算是否成功?
ZH20,zh,HOW,一个人零预算 怎么开始,google,related_search,1,一个数的零次方等于多少
ZH20,zh,HOW,一个人零预算 怎么开始,google,related_search,2,一个数的零次方
ZH20,zh,HOW,一个人零预算 怎么开始,google,related_search,3,1的零次方是多少
ZH20,zh,HOW,一个人零预算 怎么开始,google,related_search,4,1的零次方等于多少
ZH20,zh,HOW,一个人零预算 怎么开始,google,related_search,5,零的零次方等于多少
ZH20,zh,HOW,一个人零预算 怎么开始,google,related_search,1,一个人 黄铃凯
ZH20,zh,HOW,一个人零预算 怎么开始,google,related_search,2,一个 人 开 长途
ZH20,zh,HOW,一个人零预算 怎么开始,google,related_search,1,余额 宝 和 零钱 通
ZH20,zh,HOW,一个人零预算 怎么开始,google,related_search,2,零钱 通 还是 余额 宝
ZH20,zh,HOW,一个人零预算 怎么开始,google,related_search,3,零钱 通 vs 余额 宝
ZH20,zh,HOW,一个人零预算 怎么开始,google,related_search,4,零钱 通 有限 额 吗
ZH20,zh,HOW,一个人零预算 怎么开始,baidu,people_also_ask,1,一个人零预算 怎么开始赚钱
ZH20,zh,HOW,一个人零预算 怎么开始,baidu,people_also_ask,2,如何做个人预算
ZH20,zh,HOW,一个人零预算 怎么开始,baidu,people_also_ask,3,一个人零预算 怎么开始赚钱的
ZH20,zh,HOW,一个人零预算 怎么开始,baidu,people_also_ask,4,一个人0资金怎么创业
ZH20,zh,HOW,一个人零预算 怎么开始,baidu,people_also_ask,5,"一个人0资金怎么创业,有什么小工厂"
ZH20,zh,HOW,一个人零预算 怎么开始,baidu,people_also_ask,6,如何做个人预算工作
ZH20,zh,HOW,一个人零预算 怎么开始,baidu,people_also_ask,7,如何做好个人预算
ZH20,zh,HOW,一个人零预算 怎么开始,baidu,people_also_ask,8,如何做个人预算管理
ZH20,zh,HOW,一个人零预算 怎么开始,baidu,people_also_ask,9,如何编制个人预算?你做的预算是否成功?
ZH20,zh,HOW,一个人零预算 怎么开始,google,people_also_ask,1,一个人零预算 怎么开始的
ZH20,zh,HOW,一个人零预算 怎么开始,google,people_also_ask,2,一个人零预算 怎么开始收税
ZH20,zh,HOW,一个人零预算 怎么开始,google,people_also_ask,3,一个人零预算 怎么开始推广
ZH20,zh,HOW,一个人零预算 怎么开始,google,people_also_ask,4,零钱 通 有限 额 吗
EN01,en,WHO,busy moms at home who,google,autocomplete,1,busy mom at home workout
EN01,en,WHO,busy moms at home who,google,autocomplete,2,busy stay at home mom
EN01,en,WHO,busy moms at home who,google,autocomplete,3,busy moms solutions
EN01,en,WHO,busy moms at home who,google,autocomplete,4,busy mom work from home jobs
EN01,en,WHO,busy moms at home who,google,related_search,1,busy moms at home wholesale
EN01,en,WHO,busy moms at home who,google,related_search,2,busy moms at home who are they
EN01,en,WHO,busy moms at home who,google,related_search,3,busy moms at home whosampled
EN01,en,WHO,busy moms at home who,google,related_search,1,how do busy moms find time to workout
EN01,en,WHO,busy moms at home who,google,related_search,2,busy mom workout routine
EN01,en,WHO,busy moms at home who,google,related_search,3,busy mom workout schedule
EN01,en,WHO,busy moms at home who,google,related_search,4,busy mom workout
EN01,en,WHO,busy moms at home who,google,related_search,5,busy working mom workout schedule
EN01,en,WHO,busy moms at home who,google,related_search,1,jobs for busy stay at home moms
EN01,en,WHO,busy moms at home who,google,related_search,2,gifts for busy stay at home moms
EN01,en,WHO,busy moms at home who,google,related_search,3,how to keep busy stay at home mom
EN01,en,WHO,busy moms at home who,google,related_search,4,stay at home mom ideas to keep busy
EN01,en,WHO,busy moms at home who,google,related_search,5,how to make money as a busy stay at home mom
EN01,en,WHO,busy moms at home who,google,related_search,1,busy mom solutions recipes today
EN01,en,WHO,busy moms at home who,google,related_search,2,busy moms solutions llc
EN01,en,WHO,busy moms at home who,google,related_search,3,busy mom solutions recipes
EN01,en,WHO,busy moms at home who,google,related_search,4,busy mom solutions ingles
EN01,en,WHO,busy moms at home who,google,related_search,5,ingles busy mom solutions recipes today
EN01,en,WHO,busy moms at home who,google,people_also_ask,1,busy moms at home wholesale
EN01,en,WHO,busy moms at home who,google,people_also_ask,2,busy moms at home who are they
EN01,en,WHO,busy moms at home who,google,people_also_ask,3,busy moms at home whosampled
EN01,en,WHO,busy moms at home who,google,people_also_ask,4,how do busy moms find time to workout
EN01,en,WHO,busy moms at home who,google,people_also_ask,5,how to keep busy stay at home mom
EN01,en,WHO,busy moms at home who,google,people_also_ask,6,how to make money as a busy stay at home mom
EN02,en,WHO,after-work employees who need,google,related_search,1,after-work employees who need help
EN02,en,WHO,after-work employees who need,google,related_search,2,after-work employees who need an accounting software
EN02,en,WHO,after-work employees who need,google,related_search,3,after-work employees who need flexible work schedules
EN02,en,WHO,after-work employees who need,google,related_search,4,after-work employees who need constant female attention
EN02,en,WHO,after-work employees who need,google,people_also_ask,1,after-work employees who need help
EN02,en,WHO,after-work employees who need,google,people_also_ask,2,after-work employees who need an accounting software
EN02,en,WHO,after-work employees who need,google,people_also_ask,3,after-work employees who need flexible work schedules
EN02,en,WHO,after-work employees who need,google,people_also_ask,4,after-work employees who need constant female attention
EN03,en,WHEN,best time to post side hustle content,google,autocomplete,1,best side hustle part time jobs
EN03,en,WHEN,best time to post side hustle content,google,autocomplete,2,best part time side hustles 2022
EN03,en,WHEN,best time to post side hustle content,google,autocomplete,3,best time to post content on facebook
EN03,en,WHEN,best time to post side hustle content,google,autocomplete,4,best time to post business content on instagram
EN03,en,WHEN,best time to post side hustle content,google,autocomplete,5,best side hustles when you work full time
EN03,en,WHEN,best time to post side hustle content,google,related_search,1,best time to post side hustle content on instagram
EN03,en,WHEN,best time to post side hustle content,google,related_search,2,best time to post side hustle content on social media
EN03,en,WHEN,best time to post side hustle content,google,related_search,3,best time to post side hustle content on linkedin
EN03,en,WHEN,best time to post side hustle content,google,related_search,4,best time to post side hustle content on tiktok
EN03,en,WHEN,best time to post side hustle content,google,related_search,5,best time to post side hustle content on facebook
EN03,en,WHEN,best time to post side hustle content,google,related_search,1,good side hustle part time jobs
EN03,en,WHEN,best time to post side hustle content,google,related_search,2,best side hustle with full time job
EN03,en,WHEN,best time to post side hustle content,google,related_search,3,best side hustle with full time.job reddit
EN03,en,WHEN,best time to post side hustle content,google,related_search,4,good side hustles with full time job
EN03,en,WHEN,best time to post side hustle content,google,related_search,5,easiest side hustle jobs
EN03,en,WHEN,best time to post side hustle content,google,related_search,1,best part time side hustles 2024
EN03,en,WHEN,best time to post side hustle content,google,related_search,2,best part time side hustles from home
EN03,en,WHEN,best time to post side hustle content,google,related_search,3,best part time side hustles online
EN03,en,WHEN,best time to post side hustle content,google,related_search,4,best part time side hustles reddit
EN03,en,WHEN,best time to post side hustle content,google,related_search,5,best side hustles 2023 from home
EN03,en,WHEN,best time to post side hustle content,google,related_search,1,best time to post content on facebook philippines
EN03,en,WHEN,best time to post side hustle content,google,related_search,2,best time to post content on facebook in nigeria
EN03,en,WHEN,best time to post side hustle content,google,related_search,3,best time to post content on facebook on sunday
EN03,en,WHEN,best time to post side hustle content,google,related_search,4,best time to post food content on facebook
EN03,en,WHEN,best time to post side hustle content,google,related_search,5,best time to post business content on facebook
EN03,en,WHEN,best time to post side hustle content,google,people_also_ask,1,best side hustles when you work full time
EN04,en,WHEN,when to launch an ai tool,google,related_search,1,when to launch an ai tools
EN04,en,WHEN,when to launch an ai tool,google,related_search,2,when to launch an ai toolkit
EN04,en,WHEN,when to launch an ai tool,google,related_search,3,when to launch an ai tool in sales
EN04,en,WHEN,when to launch an ai tool,google,related_search,4,when to launch an ai tools come out
EN04,en,WHEN,when to launch an ai tool,google,people_also_ask,1,when to launch an ai tools
EN04,en,WHEN,when to launch an ai tool,google,people_also_ask,2,when to launch an ai toolkit
EN04,en,WHEN,when to launch an ai tool,google,people_also_ask,3,when to launch an ai tool in sales
EN04,en,WHEN,when to launch an ai tool,google,people_also_ask,4,when to launch an ai tools come out
EN05,en,WHERE,where to find first side hustle clients,google,related_search,1,where to find first side hustle clients reddit
EN05,en,WHERE,where to find first side hustle clients,google,related_search,2,where to find first side hustle clients 2024
EN05,en,WHERE,where to find first side hustle clients,google,related_search,3,where to find first side hustle clients in usa
EN05,en,WHERE,where to find first side hustle clients,google,related_search,4,where to find first side hustle clients in india
EN05,en,WHERE,where to find first side hustle clients,google,related_search,5,where to find first side hustle clients in the us
EN05,en,WHERE,where to find first side hustle clients,google,people_also_ask,1,where to find first side hustle clients reddit
EN05,en,WHERE,where to find first side hustle clients,google,people_also_ask,2,where to find first side hustle clients 2024
EN05,en,WHERE,where to find first side hustle clients,google,people_also_ask,3,where to find first side hustle clients in usa
EN05,en,WHERE,where to find first side hustle clients,google,people_also_ask,4,where to find first side hustle clients in india
EN05,en,WHERE,where to find first side hustle clients,google,people_also_ask,5,where to find first side hustle clients in the us
EN06,en,WHERE,where to sell ai templates,google,related_search,1,where to sell ai templates reddit
EN06,en,WHERE,where to sell ai templates,google,related_search,2,where to sell ai templates for free
EN06,en,WHERE,where to sell ai templates,google,related_search,3,where to sell ai templates online
EN06,en,WHERE,where to sell ai templates,google,related_search,4,where to sell ai templates in usa
EN06,en,WHERE,where to sell ai templates,google,related_search,5,where to sell ai templates on etsy
EN06,en,WHERE,where to sell ai templates,google,people_also_ask,1,where to sell ai templates reddit
EN06,en,WHERE,where to sell ai templates,google,people_also_ask,2,where to sell ai templates for free
EN06,en,WHERE,where to sell ai templates,google,people_also_ask,3,where to sell ai templates online
EN06,en,WHERE,where to sell ai templates,google,people_also_ask,4,where to sell ai templates in usa
EN06,en,WHERE,where to sell ai templates,google,people_also_ask,5,where to sell ai templates on etsy
EN07,en,WHAT,what ai micro tool can I sell,google,related_search,1,what ai micro tool can i sell it
EN07,en,WHAT,what ai micro tool can I sell,google,related_search,2,what ai micro tool can i sell on amazon
EN07,en,WHAT,what ai micro tool can I sell,google,related_search,3,what ai micro tool can i sell in usa
EN07,en,WHAT,what ai micro tool can I sell,google,related_search,4,what ai micro tool can i sell on ebay
EN07,en,WHAT,what ai micro tool can I sell,google,people_also_ask,1,what ai micro tool can i sell it
EN07,en,WHAT,what ai micro tool can I sell,google,people_also_ask,2,what ai micro tool can i sell on amazon
EN07,en,WHAT,what ai micro tool can I sell,google,people_also_ask,3,what ai micro tool can i sell in usa
EN07,en,WHAT,what ai micro tool can I sell,google,people_also_ask,4,what ai micro tool can i sell on ebay
EN08,en,WHY,why side hustle content gets views no sales,google,autocomplete,1,why side hustles don't work
EN08,en,WHY,why side hustle content gets views no sales,google,autocomplete,2,why side hustles are bad
EN08,en,WHY,why side hustle content gets views no sales,google,autocomplete,3,why side hustles are good
EN08,en,WHY,why side hustle content gets views no sales,google,autocomplete,4,why side hustle
EN08,en,WHY,why side hustle content gets views no sales,google,autocomplete,5,why are side hustles important
EN08,en,WHY,why side hustle content gets views no sales,google,related_search,1,why side hustle content gets views no sales reddit
EN08,en,WHY,why side hustle content gets views no sales,google,related_search,2,why side hustle content gets views no sales youtube
EN08,en,WHY,why side hustle content gets views no sales,google,related_search,3,why side hustle content gets views no sales on tiktok
EN08,en,WHY,why side hustle content gets views no sales,google,related_search,4,why side hustle content gets views no sales no money
EN08,en,WHY,why side hustle content gets views no sales,google,related_search,5,why side hustle content gets views no sales
EN08,en,WHY,why side hustle content gets views no sales,google,related_search,6,why side hustle content gets views no sales etsy
EN08,en,WHY,why side hustle content gets views no sales,google,related_search,1,why does everyone have a side hustle
EN08,en,WHY,why side hustle content gets views no sales,google,related_search,2,what would be a good side hustle
EN08,en,WHY,why side hustle content gets views no sales,google,related_search,3,why side hustles are good
EN08,en,WHY,why side hustle content gets views no sales,google,related_search,4,why side hustles don't work
EN08,en,WHY,why side hustle content gets views no sales,google,related_search,5,why side hustles keep you poor
EN08,en,WHY,why side hustle content gets views no sales,google,related_search,3,why side hustles are bad
EN08,en,WHY,why side hustle content gets views no sales,google,related_search,5,why side hustle
EN08,en,WHY,why side hustle content gets views no sales,google,people_also_ask,1,why side hustles don't work
EN08,en,WHY,why side hustle content gets views no sales,google,people_also_ask,2,why side hustles are bad
EN08,en,WHY,why side hustle content gets views no sales,google,people_also_ask,3,why side hustles are good
EN08,en,WHY,why side hustle content gets views no sales,google,people_also_ask,4,why side hustle
EN08,en,WHY,why side hustle content gets views no sales,google,people_also_ask,5,why are side hustles important
EN08,en,WHY,why side hustle content gets views no sales,google,people_also_ask,6,why side hustle content gets views no sales reddit
EN08,en,WHY,why side hustle content gets views no sales,google,people_also_ask,7,why side hustle content gets views no sales youtube
EN08,en,WHY,why side hustle content gets views no sales,google,people_also_ask,8,why side hustle content gets views no sales on tiktok
EN08,en,WHY,why side hustle content gets views no sales,google,people_also_ask,9,why side hustle content gets views no sales no money
EN08,en,WHY,why side hustle content gets views no sales,google,people_also_ask,10,why side hustle content gets views no sales
EN09,en,HOW,how to build ai side hustle without coding,google,related_search,1,how to build ai side hustle without coding reddit
EN09,en,HOW,how to build ai side hustle without coding,google,related_search,2,how to build ai side hustle without coding experience
EN09,en,HOW,how to build ai side hustle without coding,google,related_search,3,how to build ai side hustle without coding
EN09,en,HOW,how to build ai side hustle without coding,google,people_also_ask,1,how to build ai side hustle without coding reddit
EN09,en,HOW,how to build ai side hustle without coding,google,people_also_ask,2,how to build ai side hustle without coding experience
EN09,en,HOW,how to build ai side hustle without coding,google,people_also_ask,3,how to build ai side hustle without coding
EN10,en,HOW,how to get first client with zero budget,google,related_search,1,how to get first client with zero budget reddit
EN10,en,HOW,how to get first client with zero budget,google,related_search,2,how to get first client with zero budgeting
EN10,en,HOW,how to get first client with zero budget,google,related_search,3,how to get first client with zero budget idol
EN10,en,HOW,how to get first client with zero budget,google,related_search,4,how to get first client with zero budget fake love
EN10,en,HOW,how to get first client with zero budget,google,people_also_ask,1,how to get first client with zero budget reddit
EN10,en,HOW,how to get first client with zero budget,google,people_also_ask,2,how to get first client with zero budgeting
EN10,en,HOW,how to get first client with zero budget,google,people_also_ask,3,how to get first client with zero budget idol
EN10,en,HOW,how to get first client with zero budget,google,people_also_ask,4,how to get first client with zero budget fake love
